,Unnamed: 0,Name,Chance of playing this round,Chance of playing next round,code,Position,Live cost,PPG,GWPoints,Percentage owned,Team,Total points,Minutes Played,Goals Scored,Assists,Clean sheets,Goals Conceded,Penalties Saved,Penalties Missed,Yellow Cards,Saves,Bonus,ICT,Fixture_Strength,Result_Strength,Predicted Points
0,0,Mesut Özil,0.0,0.0,37605,3,67,0.0,0,0.5,1,0,0,0,0,0,0,0,0,0,0,0,0.0,1190.0,1095.0,0
1,1,Sokratis Papastathopoulos,0.0,0.0,39476,2,48,0.0,0,0.1,1,0,0,0,0,0,0,0,0,0,0,0,0.0,1190.0,1095.0,0
2,2,David Luiz Moreira Marinho,0.0,0.0,41270,2,54,2.1,0,0.8,1,40,1344,1,0,3,20,0,0,1,0,0,41.0,1190.0,1095.0,0
3,3,Pierre-Emerick Aubameyang,75.0,0.0,54694,3,113,4.3,0,6.9,1,108,2007,9,1,7,25,0,0,2,0,10,144.9,1190.0,1095.0,0
4,4,Cédric Soares,100.0,100.0,58822,2,46,2.8,0,0.3,1,28,744,0,1,2,11,0,0,1,0,3,29.2,1190.0,1095.0,0
5,5,Alexandre Lacazette,100.0,0.0,59966,4,84,4.5,2,8.1,1,126,1864,13,3,7,20,0,0,3,0,21,169.6,1190.0,1095.0,0
6,6,Shkodran Mustafi,0.0,0.0,69140,2,50,1.0,0,0.0,1,3,45,0,0,0,1,0,0,0,0,0,1.3,1190.0,1095.0,0
7,7,Bernd Leno,100.0,100.0,80201,1,50,3.7,0,7.2,1,110,2681,0,0,9,34,1,0,0,75,8,61.8,1190.0,1095.0,0
8,8,Granit Xhaka,100.0,100.0,84450,3,52,2.3,2,0.4,1,62,2237,1,2,8,26,0,0,6,0,1,78.2,1190.0,1095.0,0
9,9,Pablo Marí,100.0,100.0,92371,2,44,3.2,0,0.1,1,26,720,0,0,3,7,0,0,2,0,1,17.2,1190.0,1095.0,0
10,10,Héctor Bellerín,100.0,100.0,98745,2,50,3.7,2,3.9,1,85,1977,1,3,6,24,0,0,8,0,15,87.8,1190.0,1095.0,0
11,11,Calum Chambers,100.0,100.0,101184,2,45,3.5,0,0.2,1,14,360,0,1,1,7,0,0,0,0,1,17.0,1190.0,1095.0,0
12,12,Sead Kolasinac,0.0,0.0,111457,2,48,2.0,0,0.1,1,2,90,0,0,0,1,0,0,0,0,0,1.3,1190.0,1095.0,0
13,13,Rob Holding,100.0,100.0,156074,2,42,3.4,2,4.6,1,85,2107,0,1,9,23,0,0,2,0,8,64.6,1190.0,1095.0,0
14,14,Kieran Tierney,0.0,0.0,192895,2,52,3.4,0,3.9,1,78,2015,1,3,6,25,0,0,4,0,4,102.7,1190.0,1095.0,0
15,15,Nicolas Pépé,100.0,100.0,195735,3,76,2.9,1,1.2,1,70,1251,5,3,2,19,0,0,1,0,3,106.2,1190.0,1095.0,0
16,16,Lucas Torreira,0.0,0.0,198849,3,47,0.0,0,0.1,1,0,0,0,0,0,0,0,0,0,0,0,0.0,1190.0,1095.0,0
17,17,Reiss Nelson,100.0,100.0,200641,3,51,1.0,0,0.0,1,2,70,0,0,0,0,0,0,0,0,0,2.4,1190.0,1095.0,0
18,18,Edward Nketiah,,,205533,4,53,2.1,6,0.5,1,34,338,2,1,0,6,0,0,0,0,5,35.4,1190.0,1095.0,0
19,19,Emile Smith Rowe,100.0,100.0,209289,3,42,3.2,2,2.2,1,48,1033,0,5,6,8,0,0,0,0,0,64.5,1190.0,1095.0,0
20,20,Bukayo Saka,100.0,100.0,223340,3,51,3.7,2,7.6,1,101,2229,5,4,7,28,0,0,1,0,8,190.3,1190.0,1095.0,0
21,21,Matteo Guendouzi,0.0,0.0,242166,3,47,0.0,0,0.1,1,0,0,0,0,0,0,0,0,0,0,0,0.0,1190.0,1095.0,0
22,22,Gabriel Teodoro Martinelli Silva,100.0,100.0,444145,3,49,2.3,2,0.2,1,21,401,1,0,3,2,0,0,0,0,0,35.1,1190.0,1095.0,0
23,23,William Saliba,0.0,0.0,462424,2,40,0.0,0,0.5,1,0,0,0,0,0,0,0,0,0,0,0,0.0,1190.0,1095.0,0
24,24,Mathew Ryan,100.0,100.0,131897,1,41,2.4,2,5.9,1,31,1170,0,0,2,21,0,0,1,23,0,19.4,1190.0,1095.0,0
25,25,Willian Borges Da Silva,100.0,100.0,47431,3,75,2.9,0,2.7,1,64,1211,0,7,2,16,0,0,0,0,6,80.7,1190.0,1095.0,0
26,26,Gabriel Magalhães,100.0,100.0,226597,2,49,3.1,2,4.5,1,55,1546,2,0,3,22,0,0,2,0,6,60.6,1190.0,1095.0,0
27,27,Daniel Ceballos Fernández,100.0,100.0,182539,3,47,2.5,8,0.7,1,56,1354,0,4,5,15,0,0,3,0,7,75.4,1190.0,1095.0,0
28,28,Mohamed Naser El Sayed Elneny,100.0,100.0,153256,3,42,1.7,2,1.0,1,33,1178,0,0,3,18,0,0,2,0,0,24.0,1190.0,1095.0,0
29,29,Matt Macey,0.0,0.0,113534,1,40,0.0,0,0.9,1,0,0,0,0,0,0,0,0,0,0,0,0.0,1190.0,1095.0,0
30,30,Rúnar Alex Rúnarsson,100.0,100.0,115918,1,44,1.0,0,0.0,1,1,15,0,0,0,0,0,0,0,2,0,1.7,1190.0,1095.0,0
31,31,Thomas Partey,100.0,100.0,167199,3,49,2.1,1,0.3,1,37,1163,0,2,4,16,0,0,3,0,0,47.0,1190.0,1095.0,0
32,32,Martin Ødegaard,75.0,75.0,184029,3,58,2.6,0,0.9,1,23,561,1,0,0,11,0,0,0,0,3,38.4,1190.0,1095.0,0
33,33,Miguel Azeez,,,439482,3,45,0.0,0,0.0,1,0,0,0,0,0,0,0,0,0,0,0,0.0,1190.0,1095.0,0
34,34,Emiliano Martínez,,,98980,1,54,5.2,1,40.1,2,162,2790,0,0,14,35,1,0,0,114,24,87.4,1045.0,1350.0,0
35,35,Tom Heaton,100.0,100.0,21205,1,45,0.0,0,0.1,2,0,0,0,0,0,0,0,0,0,0,0,0.0,1045.0,1350.0,0
36,36,Ahmed El Mohamady,,,37339,2,43,2.7,0,0.4,2,30,608,0,0,3,4,0,0,2,0,4,29.0,1045.0,1350.0,0
37,37,Henri Lansbury,0.0,0.0,40564,3,43,0.0,0,0.1,2,0,0,0,0,0,0,0,0,0,0,0,0.0,1045.0,1350.0,0
38,38,Neil Taylor,,,47390,2,42,-1.0,0,0.2,2,-1,15,0,0,0,2,0,0,1,0,0,0.2,1045.0,1350.0,0
39,39,Jed Steer,,,79852,1,39,0.0,0,4.4,2,0,0,0,0,0,0,0,0,0,0,0,0.0,1045.0,1350.0,0
40,40,Conor Hourihane,0.0,0.0,85242,3,59,5.0,0,0.1,2,20,225,1,1,2,2,0,0,0,0,3,18.2,1045.0,1350.0,0
41,41,José Ignacio Peleteiro Romallo,0.0,0.0,89274,3,59,0.0,0,0.0,2,0,0,0,0,0,0,0,0,0,0,0,0.0,1045.0,1350.0,0
42,42,Ørjan Nyland,0.0,0.0,98770,1,40,0.0,0,3.4,2,0,0,0,0,0,0,0,0,0,0,0,0.0,1045.0,1350.0,0
43,43,Bjorn Engels,100.0,100.0,108156,2,44,0.0,0,0.1,2,0,0,0,0,0,0,0,0,0,0,0,0.0,1045.0,1350.0,0
44,44,Jack Grealish,25.0,25.0,114283,3,75,5.9,0,14.9,2,129,1977,6,12,12,24,0,0,6,0,13,249.1,1045.0,1350.0,0
45,45,John McGinn,,,122806,3,55,3.3,7,1.0,2,99,2700,2,7,13,35,0,0,7,0,2,124.1,1045.0,1350.0,0
46,46,Kortney Hause,100.0,100.0,123354,2,44,7.0,0,0.1,2,28,360,1,0,3,1,0,0,1,0,3,14.2,1045.0,1350.0,0
47,47,Mahmoud Ahmed Ibrahim Hassan,0.0,0.0,148508,3,52,2.7,0,0.5,2,56,1157,2,1,6,14,0,0,0,0,3,86.7,1045.0,1350.0,0
48,48,Tyrone Mings,100.0,100.0,149484,2,54,3.9,1,8.7,2,116,2654,2,2,13,34,0,0,4,0,8,100.8,1045.0,1350.0,0
49,49,Matt Targett,,,169359,2,50,3.8,1,13.3,2,119,2774,0,3,15,33,0,0,7,0,8,104.6,1045.0,1350.0,0
50,50,James Bree,0.0,0.0,184386,2,45,0.0,0,0.0,2,0,0,0,0,0,0,0,0,0,0,0,0.0,1045.0,1350.0,0
51,51,Marvelous Nakamba,,,184704,3,43,1.8,2,0.4,2,20,569,0,0,4,4,0,0,2,0,0,11.6,1045.0,1350.0,0
52,52,Anwar El Ghazi,100.0,100.0,193488,3,52,3.5,1,0.8,2,73,1002,6,0,4,12,0,0,1,0,9,117.5,1045.0,1350.0,0
53,53,Ezri Konsa Ngoyo,100.0,100.0,199798,2,47,3.6,1,6.6,2,103,2565,2,0,11,35,0,0,3,0,7,80.1,1045.0,1350.0,0
54,54,Frédéric Guilbert,0.0,0.0,203368,2,43,0.0,0,0.1,2,0,0,0,0,0,0,0,0,0,0,0,0.0,1045.0,1350.0,0
55,55,Wesley Moraes,25.0,25.0,213345,4,60,0.0,0,0.0,2,0,0,0,0,0,0,0,0,0,0,0,0.0,1045.0,1350.0,0
56,56,Mbwana Samatta,0.0,0.0,217487,4,59,0.0,0,0.0,2,0,0,0,0,0,0,0,0,0,0,0,0.0,1045.0,1350.0,0
57,57,Keinan Davis,100.0,100.0,221239,4,42,1.3,1,7.9,2,13,148,0,1,0,0,0,0,0,0,0,17.0,1045.0,1350.0,0
58,58,Indiana Vassilev,0.0,0.0,223349,4,43,0.0,0,0.5,2,0,0,0,0,0,0,0,0,0,0,0,0.0,1045.0,1350.0,0
59,59,Douglas Luiz Soares de Paulo,100.0,100.0,230046,3,48,2.3,2,0.2,2,61,2353,0,2,11,33,0,0,7,0,0,79.3,1045.0,1350.0,0
60,60,Ross Barkley,100.0,100.0,88894,3,58,2.9,1,0.8,2,64,1255,3,1,7,19,0,0,0,0,4,110.4,1045.0,1350.0,0
61,61,Matthew Cash,100.0,0.0,199796,2,50,3.4,-3,0.8,2,85,2148,0,2,11,31,0,0,6,0,8,90.2,1045.0,1350.0,0
62,62,Ollie Watkins,,,178301,4,66,4.5,5,25.8,2,140,2790,12,7,14,35,0,1,2,0,13,256.5,1045.0,1350.0,0
63,63,Bertrand Traoré,75.0,100.0,110504,3,58,3.4,2,0.6,2,99,1752,5,4,10,22,0,0,0,0,4,136.3,1045.0,1350.0,0
64,64,Jacob Ramsey,,,232653,3,45,1.3,1,0.1,2,21,452,0,0,2,6,0,0,0,0,0,17.3,1045.0,1350.0,0
65,65,Morgan Sanson,75.0,0.0,122775,3,55,1.1,0,0.0,2,10,288,0,0,1,4,0,0,3,0,0,6.2,1045.0,1350.0,0
66,66,Kaine Hayden,,,465390,3,45,0.0,0,0.0,2,0,0,0,0,0,0,0,0,0,0,0,0.0,1045.0,1350.0,0
67,67,Carney Chukwuemeka,,,478912,3,45,0.0,0,0.0,2,0,0,0,0,0,0,0,0,0,0,0,0.0,1045.0,1350.0,0
68,68,Jaden Philogene-Bidace,,,481624,3,45,0.0,0,0.0,2,0,0,0,0,0,0,0,0,0,0,0,0.0,1045.0,1350.0,0
69,69,Glenn Murray,0.0,0.0,20529,4,48,0.0,0,0.1,3,0,0,0,0,0,0,0,0,0,0,0,0.0,1020.0,1265.0,0
70,70,Adam Lallana,100.0,100.0,39155,3,62,2.0,1,0.4,3,53,1385,1,1,5,14,0,0,0,0,2,83.2,1020.0,1265.0,0
71,71,Pascal Groß,,,60307,3,58,3.2,3,0.4,3,91,1963,2,6,9,20,0,1,2,0,9,170.1,1020.0,1265.0,0
72,72,Shane Duffy,0.0,0.0,61933,2,43,0.0,0,0.0,3,0,0,0,0,0,0,0,0,0,0,0,0.0,1020.0,1265.0,0
73,73,Davy Pröpper,100.0,100.0,66242,3,47,1.3,0,0.0,3,9,209,0,0,0,2,0,0,0,0,0,8.2,1020.0,1265.0,0
74,74,Aaron Mooy,0.0,0.0,74471,3,50,0.0,0,0.0,3,0,0,0,0,0,0,0,0,0,0,0,0.0,1020.0,1265.0,0
75,75,Dan Burn,100.0,100.0,78916,2,42,2.1,6,0.7,3,46,1607,0,0,5,21,0,0,5,0,0,52.7,1020.0,1265.0,0
76,76,Lewis Dunk,100.0,100.0,83299,2,49,4.0,6,9.0,3,116,2610,4,0,10,35,0,0,5,0,15,114.8,1020.0,1265.0,0
77,77,Martín Montoya,0.0,0.0,86153,2,45,0.0,0,0.0,3,0,0,0,0,0,0,0,0,0,0,0,0.0,1020.0,1265.0,0
78,78,Florin Andone,25.0,25.0,93284,4,48,0.0,0,0.1,3,0,0,0,0,0,0,0,0,0,0,0,0.0,1020.0,1265.0,0
79,79,Solomon March,0.0,0.0,109345,3,49,3.3,0,0.4,3,69,1670,2,2,7,25,0,0,0,0,6,110.5,1020.0,1265.0,0
80,80,Adam Webster,100.0,100.0,110735,2,43,2.9,6,0.9,3,67,2054,0,0,8,27,0,0,3,0,0,65.3,1020.0,1265.0,0
81,81,Joël Veltman,100.0,100.0,111478,2,44,3.4,6,2.3,3,88,2100,1,1,8,26,0,0,3,0,10,94.0,1020.0,1265.0,0
82,82,Neal Maupay,100.0,100.0,115382,4,60,3.4,1,3.1,3,102,2238,8,2,9,31,0,1,1,0,12,185.9,1020.0,1265.0,0
83,83,Leandro Trossard,100.0,100.0,116216,3,57,3.9,1,2.6,3,113,2197,4,6,10,28,0,0,2,0,13,173.6,1020.0,1265.0,0
84,84,Alireza Jahanbakhsh,100.0,100.0,165210,3,54,1.1,0,0.0,3,17,265,0,1,0,7,0,0,2,0,0,30.9,1020.0,1265.0,0
85,85,José Izquierdo,100.0,100.0,167473,3,55,0.0,0,0.0,3,0,0,0,0,0,0,0,0,0,0,0,0.0,1020.0,1265.0,0
86,86,Matthew Clarke,0.0,0.0,178173,2,44,0.0,0,0.0,3,0,0,0,0,0,0,0,0,0,0,0,0.0,1020.0,1265.0,0
87,87,Ben White,100.0,0.0,198869,2,45,3.0,3,2.1,3,93,2742,0,0,11,37,0,0,3,0,5,65.5,1020.0,1265.0,0
88,88,Bernardo Fernandes da Silva Junior,0.0,0.0,209362,2,39,1.7,0,4.2,3,5,205,0,0,0,3,0,0,0,0,0,12.8,1020.0,1265.0,0
89,89,Yves Bissouma,100.0,100.0,227127,3,44,2.2,3,1.5,3,66,2572,1,0,10,34,0,0,6,0,2,81.5,1020.0,1265.0,0
90,90,Tariq Lamptey,0.0,0.0,232792,2,46,3.2,0,2.3,3,35,887,1,3,2,15,0,0,2,0,2,46.7,1020.0,1265.0,0
91,91,Aaron Connolly,75.0,100.0,233425,4,52,2.4,0,0.3,3,36,715,2,1,1,15,0,0,0,0,2,45.0,1020.0,1265.0,0
92,92,Steven Alzate,100.0,100.0,235382,3,42,2.4,0,0.6,3,29,738,1,0,4,15,0,0,2,0,3,32.8,1020.0,1265.0,0
93,93,Alexis Mac Allister,100.0,100.0,243016,3,53,2.5,3,0.0,3,42,920,1,1,5,8,0,0,1,0,3,51.3,1020.0,1265.0,0
94,94,Christian Walton,100.0,100.0,108813,1,40,0.0,0,1.1,3,0,0,0,0,0,0,0,0,0,0,0,0.0,1020.0,1265.0,0
95,95,Jason Steele,,,49262,1,39,0.0,0,0.8,3,0,0,0,0,0,0,0,0,0,0,0,0.0,1020.0,1265.0,0
96,96,Jayson Molumby,0.0,0.0,220738,3,45,1.0,0,0.0,3,1,1,0,0,0,0,0,0,0,0,0,0.0,1020.0,1265.0,0
97,97,Andi Zeqiri,,,204676,4,50,1.0,0,0.1,3,6,120,0,0,0,0,0,0,0,0,0,9.9,1020.0,1265.0,0
98,98,Danny Welbeck,100.0,100.0,50175,4,55,3.3,2,0.8,3,63,1167,4,3,5,14,0,1,0,0,9,91.6,1020.0,1265.0,0
99,99,Robert Sánchez,,,215059,1,45,4.2,9,3.6,3,88,1890,0,0,9,19,0,0,0,52,8,42.5,1020.0,1265.0,0
100,100,Percy Tau,75.0,75.0,230127,3,49,1.5,0,0.0,3,3,84,0,0,0,1,0,0,0,0,0,2.5,1020.0,1265.0,0
101,101,Jakub Moder,100.0,100.0,243505,3,50,1.8,1,0.0,3,11,274,0,0,2,2,0,0,0,0,0,14.3,1020.0,1265.0,0
102,102,Reda Khadra,,,465572,3,45,1.0,0,0.0,3,1,4,0,0,0,0,0,0,0,0,0,0.2,1020.0,1265.0,0
103,103,Teddy Jenks,,,244848,3,45,0.0,0,0.0,3,0,0,0,0,0,0,0,0,0,0,0,0.0,1020.0,1265.0,0
104,104,Max Sanders,0.0,0.0,215062,3,45,0.0,0,0.0,3,0,0,0,0,0,0,0,0,0,0,0,0.0,1020.0,1265.0,0
105,105,Jensen Weir,,,440241,3,45,0.0,0,0.0,3,0,0,0,0,0,0,0,0,0,0,0,0.0,1020.0,1265.0,0
106,106,Thomas McGill,,,209288,1,39,0.0,0,0.4,3,0,0,0,0,0,0,0,0,0,0,0,0.0,1020.0,1265.0,0
107,107,Michal Karbownik,,,442229,2,45,0.0,0,0.0,3,0,0,0,0,0,0,0,0,0,0,0,0.0,1020.0,1265.0,0
108,108,Moisés Caicedo,,,486672,3,50,0.0,0,0.0,3,0,0,0,0,0,0,0,0,0,0,0,0.0,1020.0,1265.0,0
109,109,Dale Stephens,100.0,100.0,40845,3,42,1.1,0,3.2,4,8,257,0,0,0,4,0,0,1,0,0,8.0,1095.0,1285.0,0
110,110,James Tarkowski,100.0,100.0,17761,2,53,3.0,6,2.4,4,91,2700,1,0,9,40,0,0,5,0,6,109.3,1095.0,1285.0,0
111,111,Phil Bardsley,100.0,100.0,17997,2,44,0.5,0,0.2,4,2,273,0,0,0,8,0,0,2,0,0,5.9,1095.0,1285.0,0
112,112,Erik Pieters,100.0,100.0,39487,2,43,2.5,0,0.4,4,50,1260,0,3,3,19,0,0,1,0,5,34.0,1095.0,1285.0,0
113,113,Jack Cork,100.0,100.0,40145,3,50,1.9,1,0.0,4,19,825,0,0,2,15,0,0,2,0,0,21.6,1095.0,1285.0,0
114,114,Kevin Long,0.0,0.0,41674,2,43,1.8,0,0.1,4,14,636,0,0,1,13,0,0,2,0,1,14.0,1095.0,1285.0,0
115,115,Jay Rodriguez,100.0,100.0,44683,4,58,1.9,1,0.4,4,49,1134,1,3,4,23,0,0,3,0,2,54.1,1095.0,1285.0,0
116,116,Ashley Barnes,0.0,0.0,44699,4,60,2.7,0,0.2,4,48,1290,3,0,6,17,0,0,4,0,7,88.1,1095.0,1285.0,0
117,117,Ben Mee,100.0,100.0,51927,2,48,3.6,1,2.8,4,89,2243,2,0,8,32,0,0,2,0,7,86.9,1095.0,1285.0,0
118,118,Ashley Westwood,100.0,100.0,60551,3,53,2.7,5,0.4,4,86,2870,1,4,9,45,0,0,6,0,2,122.7,1095.0,1285.0,0
119,119,Johann Berg Gudmundsson,100.0,100.0,60586,3,54,2.5,2,0.0,4,45,1145,2,0,3,18,0,0,1,0,3,41.8,1095.0,1285.0,0
120,120,Chris Wood,100.0,100.0,60689,4,63,3.7,2,1.9,4,100,2237,7,2,7,35,0,0,0,0,13,143.0,1095.0,1285.0,0
121,121,Matthew Lowton,100.0,100.0,68983,2,44,3.0,1,2.3,4,85,2520,1,0,8,37,0,0,4,0,6,82.8,1095.0,1285.0,0
122,122,Matej Vydra,100.0,100.0,81183,4,48,2.2,1,1.7,4,49,1038,3,1,1,19,0,0,0,0,2,69.8,1095.0,1285.0,0
123,123,Ben Gibson,0.0,0.0,83312,2,39,0.0,0,0.1,4,0,0,0,0,0,0,0,0,0,0,0,0.0,1095.0,1285.0,0
124,124,Robbie Brady,0.0,0.0,90517,3,50,2.3,0,0.1,4,44,1047,1,1,7,6,0,0,3,0,3,47.2,1095.0,1285.0,0
125,125,Nick Pope,50.0,50.0,98747,1,55,4.5,0,11.1,4,130,2610,0,0,9,35,0,0,1,107,20,80.6,1095.0,1285.0,0
126,126,Charlie Taylor,100.0,100.0,103914,2,44,2.8,1,1.3,4,65,1885,0,2,6,32,0,0,1,0,3,60.2,1095.0,1285.0,0
127,127,Josh Brownhill,100.0,100.0,172782,3,49,2.1,2,0.0,4,58,2317,0,0,8,32,0,0,2,0,0,80.8,1095.0,1285.0,0
128,128,Bailey Peacock-Farrell,100.0,100.0,220037,1,40,1.0,2,1.1,4,3,270,0,0,0,10,0,0,0,8,0,6.7,1095.0,1285.0,0
129,129,Dwight McNeil,75.0,100.0,433154,3,57,3.0,2,0.4,4,91,2586,2,3,9,42,0,0,1,0,6,136.4,1095.0,1285.0,0
130,130,Jimmy Dunne,100.0,100.0,218023,2,38,4.0,0,4.2,4,8,180,1,0,0,5,0,0,0,0,0,12.6,1095.0,1285.0,0
131,131,Bobby Thomas,0.0,0.0,461102,2,39,0.0,0,0.4,4,0,0,0,0,0,0,0,0,0,0,0,0.0,1095.0,1285.0,0
132,132,Josh Benson,,,217401,3,44,1.7,0,0.0,4,10,260,0,0,1,7,0,0,0,0,0,3.7,1095.0,1285.0,0
133,133,Anthony Driscoll-Glennon,,,195471,2,39,0.0,0,0.1,4,0,0,0,0,0,0,0,0,0,0,0,0.0,1095.0,1285.0,0
134,134,Mace Goodridge,0.0,0.0,195064,3,45,0.0,0,0.0,4,0,0,0,0,0,0,0,0,0,0,0,0.0,1095.0,1285.0,0
135,135,Will Norris,,,168399,1,40,0.0,0,0.1,4,0,0,0,0,0,0,0,0,0,0,0,0.0,1095.0,1285.0,0
136,136,Max Thompson,,,461450,4,45,0.0,0,0.1,4,0,0,0,0,0,0,0,0,0,0,0,0.0,1095.0,1285.0,0
137,137,Lewis Richardson,,,461096,4,45,1.0,0,0.1,4,2,3,0,0,0,0,0,0,0,0,0,0.0,1095.0,1285.0,0
138,138,Anthony Mancini,,,465299,3,44,0.0,0,0.0,4,0,0,0,0,0,0,0,0,0,0,0,0.0,1095.0,1285.0,0
139,139,Joel Mumbongo,,,430367,4,45,0.8,0,0.0,4,3,37,0,0,0,1,0,0,1,0,0,0.1,1095.0,1285.0,0
140,140,Richard Nartey,,,184259,2,40,0.0,0,0.0,4,0,0,0,0,0,0,0,0,0,0,0,0.0,1095.0,1285.0,0
141,141,Willy Caballero,,,20310,1,46,1.0,0,0.2,5,1,90,0,0,0,3,0,0,0,0,0,0.4,1245.0,1130.0,0
142,142,César Azpilicueta,,,41328,2,59,4.7,0,8.1,5,99,1760,1,1,12,15,0,0,4,0,10,84.1,1245.0,1130.0,0
143,143,Olivier Giroud,100.0,100.0,44346,4,67,3.0,1,1.2,5,45,714,4,0,4,5,0,0,1,0,6,65.2,1245.0,1130.0,0
144,144,Marcos Alonso,,,82263,2,57,4.4,6,2.8,5,48,859,1,1,5,12,0,0,2,0,5,62.2,1245.0,1130.0,0
145,145,Jorge Luiz Frello Filho,100.0,100.0,85955,3,47,4.3,2,4.7,5,98,1655,6,2,13,13,0,2,1,0,12,94.9,1245.0,1130.0,0
146,146,Mateo Kovacic,50.0,50.0,91651,3,53,2.1,0,0.3,5,52,1686,0,1,9,23,0,0,3,0,0,82.5,1245.0,1130.0,0
147,147,Antonio Rüdiger,,,102380,2,47,4.9,7,6.2,5,73,1350,0,0,10,6,0,0,0,0,6,51.9,1245.0,1130.0,0
148,148,Kurt Zouma,100.0,100.0,103192,2,53,5.0,5,8.2,5,99,1800,5,0,8,24,0,0,2,0,6,87.8,1245.0,1130.0,0
149,149,Emerson Palmieri dos Santos,,,109533,2,47,3.5,0,0.1,5,7,88,0,0,1,0,0,0,0,0,0,2.7,1245.0,1130.0,0
150,150,Kepa Arrizabalaga,100.0,100.0,109745,1,47,4.8,9,0.6,5,24,450,0,0,2,6,0,0,0,14,5,9.6,1245.0,1130.0,0
151,151,N'Golo Kanté,100.0,100.0,116594,3,49,2.2,0,2.3,5,56,1928,0,2,9,23,0,0,6,0,0,82.0,1245.0,1130.0,0
152,152,Hakim Ziyech,100.0,100.0,124183,3,79,3.1,3,2.1,5,55,966,1,3,9,6,0,0,3,0,6,88.6,1245.0,1130.0,0
153,153,Andreas Christensen,50.0,100.0,135363,2,47,3.4,7,1.1,5,47,1146,0,0,6,16,0,0,1,0,7,35.3,1245.0,1130.0,0
154,154,Timo Werner,100.0,100.0,165153,4,92,3.6,1,10.6,5,107,2152,5,9,11,25,0,0,0,0,7,186.4,1245.0,1130.0,0
155,155,Tammy Abraham,100.0,100.0,173879,4,71,3.4,0,2.0,5,67,1014,6,2,5,12,0,0,0,0,8,85.1,1245.0,1130.0,0
156,156,Christian Pulisic,100.0,100.0,176413,3,83,3.1,3,3.0,5,68,1298,4,2,6,16,0,0,2,0,3,113.2,1245.0,1130.0,0
157,157,Mason Mount,,,184341,3,72,4.3,3,19.4,5,132,2452,6,6,12,28,0,0,2,0,16,254.5,1245.0,1130.0,0
158,158,Fikayo Tomori,0.0,0.0,194794,2,47,0.0,0,0.2,5,0,45,0,0,0,2,0,0,0,0,0,2.7,1245.0,1130.0,0
159,159,Callum Hudson-Odoi,100.0,100.0,209046,3,57,2.7,1,0.4,5,57,991,2,3,6,5,0,0,0,0,2,103.6,1245.0,1130.0,0
160,160,Reece James,100.0,100.0,225796,2,50,3.8,7,6.8,5,98,1913,1,3,8,24,0,0,3,0,15,138.1,1245.0,1130.0,0
161,161,Billy Gilmour,100.0,100.0,243568,3,43,1.0,0,0.1,5,2,34,0,0,0,0,0,0,0,0,0,1.5,1245.0,1130.0,0
162,162,Benjamin Chilwell,100.0,100.0,172850,2,58,4.8,0,12.9,5,106,1846,2,4,10,19,0,0,3,0,7,113.7,1245.0,1130.0,0
163,163,Thiago Thiago,100.0,100.0,51090,2,56,4.1,0,2.5,5,73,1485,2,0,8,21,0,0,3,0,8,64.8,1245.0,1130.0,0
164,164,Kai Havertz,100.0,100.0,219847,3,82,3.0,3,3.3,5,72,1334,2,6,7,14,0,0,2,0,0,93.0,1245.0,1130.0,0
165,165,Edouard Mendy,100.0,100.0,228286,1,52,4.4,0,10.3,5,115,2340,0,0,14,22,0,0,0,46,5,38.2,1245.0,1130.0,0
166,166,Karlo Ziger,,,431019,1,40,0.0,0,0.6,5,0,0,0,0,0,0,0,0,0,0,0,0.0,1245.0,1130.0,0
167,167,Faustino Anjorin,,,223332,3,45,0.0,0,0.0,5,0,0,0,0,0,0,0,0,0,0,0,0.0,1245.0,1130.0,0
168,168,Michy Batshuayi,100.0,100.0,94245,4,57,2.4,0,0.6,6,40,699,2,2,2,14,0,0,0,0,2,44.9,1250.0,1265.0,0
169,169,Gary Cahill,100.0,75.0,19419,2,45,2.4,0,0.2,6,39,1440,1,0,3,32,0,0,3,0,4,43.8,1250.0,1265.0,0
170,170,Wayne Hennessey,100.0,100.0,20066,1,43,0.0,0,0.3,6,0,0,0,0,0,0,0,0,0,0,0,0.0,1250.0,1265.0,0
171,171,Mamadou Sakho,0.0,100.0,40784,2,44,1.0,0,0.1,6,4,275,0,0,0,8,0,0,0,0,0,4.5,1250.0,1265.0,0
172,172,Vicente Guaita,,,40836,1,48,3.5,0,2.9,6,110,2790,0,0,7,52,1,0,2,97,15,73.4,1250.0,1265.0,0
173,173,James Tomkins,0.0,100.0,49413,2,44,3.0,0,0.0,6,15,387,0,0,2,8,0,0,1,0,2,7.6,1250.0,1265.0,0
174,174,James McArthur,0.0,0.0,50471,3,52,2.5,0,0.1,6,45,1465,0,2,4,26,0,0,3,0,3,55.2,1250.0,1265.0,0
175,175,James McCarthy,100.0,100.0,50472,3,43,1.6,0,0.7,6,19,569,0,0,2,10,0,0,1,0,0,14.5,1250.0,1265.0,0
176,176,Christian Benteke,100.0,100.0,54861,4,55,3.1,0,0.8,6,74,1316,6,2,4,24,0,0,0,0,9,116.2,1250.0,1265.0,0
177,177,Cheikhou Kouyaté,,,55037,3,48,2.4,0,0.3,6,70,2493,1,0,7,42,0,0,1,0,2,67.4,1250.0,1265.0,0
178,178,Joel Ward,100.0,100.0,55494,2,43,2.9,0,0.7,6,56,1625,0,1,6,29,0,0,3,0,6,39.3,1250.0,1265.0,0
179,179,Martin Kelly,100.0,100.0,58786,2,41,0.0,0,0.2,6,0,0,0,0,0,0,0,0,0,0,0,0.0,1250.0,1265.0,0
180,180,Connor Wickham,25.0,25.0,59125,4,44,0.0,0,0.6,6,0,0,0,0,0,0,0,0,0,0,0,0.0,1250.0,1265.0,0
181,181,Andros Townsend,,,60252,3,55,2.8,0,1.1,6,77,1813,1,4,6,27,0,0,0,0,6,114.3,1250.0,1265.0,0
182,182,Luka Milivojevic,100.0,100.0,66975,3,56,2.1,0,0.3,6,57,2031,1,1,6,41,0,0,7,0,3,72.3,1250.0,1265.0,0
183,183,Patrick van Aanholt,100.0,100.0,74230,2,54,2.6,0,0.4,6,52,1683,0,2,4,34,0,0,2,0,5,67.2,1250.0,1265.0,0
184,184,Jordan Ayew,100.0,100.0,80146,4,56,2.3,0,1.5,6,63,1814,1,4,6,35,0,0,2,0,2,83.4,1250.0,1265.0,0
185,185,Wilfried Zaha,100.0,100.0,82403,3,71,4.9,0,8.4,6,113,1982,9,4,5,38,0,0,4,0,11,152.0,1250.0,1265.0,0
186,186,Jeffrey Schlupp,100.0,100.0,86417,3,53,2.8,0,0.1,6,55,1073,2,3,4,19,0,0,2,0,3,70.4,1250.0,1265.0,0
187,187,Max Meyer,0.0,0.0,141020,3,47,0.0,0,0.0,6,0,0,0,0,0,0,0,0,0,0,0,0.0,1250.0,1265.0,0
188,188,Jairo Riedewald,100.0,100.0,173954,3,44,2.1,0,0.7,6,57,1460,2,0,4,28,0,0,2,0,4,44.7,1250.0,1265.0,0
189,189,Nathan Ferguson,25.0,25.0,232423,2,38,0.0,0,0.5,6,0,0,0,0,0,0,0,0,0,0,0,0.0,1250.0,1265.0,0
190,190,Tyrick Mitchell,100.0,100.0,244723,2,38,2.7,0,11.4,6,35,1170,0,1,3,20,0,0,1,0,2,29.4,1250.0,1265.0,0
191,191,Brandon Pierrick,0.0,0.0,466955,3,43,0.0,0,0.1,6,0,0,0,0,0,0,0,0,0,0,0,0.0,1250.0,1265.0,0
192,192,Scott Dann,100.0,100.0,19188,2,42,2.8,0,0.5,6,33,1080,1,0,2,17,0,0,1,0,1,34.8,1250.0,1265.0,0
193,193,Eberechi Eze,100.0,100.0,232413,3,58,3.1,0,0.7,6,90,2105,3,4,5,42,0,0,3,0,10,113.4,1250.0,1265.0,0
194,194,Sam Woods,0.0,0.0,221272,2,40,0.0,0,0.4,6,0,0,0,0,0,0,0,0,0,0,0,0.0,1250.0,1265.0,0
195,195,Ryan Inniss,0.0,0.0,114536,2,40,0.0,0,0.0,6,0,0,0,0,0,0,0,0,0,0,0,0.0,1250.0,1265.0,0
196,196,Nathaniel Clyne,25.0,100.0,57328,2,45,2.2,0,0.1,6,28,1145,0,1,2,22,0,0,2,0,0,27.2,1250.0,1265.0,0
197,197,Stephen Henderson,,,42525,1,40,0.0,0,0.4,6,0,0,0,0,0,0,0,0,0,0,0,0.0,1250.0,1265.0,0
198,198,Jack Butland,100.0,100.0,105666,1,45,0.0,0,0.1,6,0,0,0,0,0,0,0,0,0,0,0,0.0,1250.0,1265.0,0
199,199,Jean-Philippe Mateta,100.0,100.0,231747,4,54,2.6,0,0.0,6,13,181,1,0,0,4,0,0,0,0,2,14.0,1250.0,1265.0,0
200,200,Reece Hannam,,,223824,2,40,0.0,0,0.0,6,0,0,0,0,0,0,0,0,0,0,0,0.0,1250.0,1265.0,0
201,201,Jesurun Rak-Sakyi,,,450542,3,45,0.0,0,0.0,6,0,0,0,0,0,0,0,0,0,0,0,0.0,1250.0,1265.0,0
202,202,Fabian Delph,0.0,100.0,41823,3,48,1.2,0,0.0,7,6,211,0,0,0,5,0,0,0,0,0,4.6,1225.0,1220.0,0
203,203,Gylfi Sigurdsson,100.0,100.0,55422,3,68,3.7,15,2.0,7,106,1735,6,4,6,24,0,0,1,0,13,132.5,1225.0,1220.0,0
204,204,Jonas Lössl,0.0,0.0,57513,1,43,0.0,0,0.1,7,0,0,0,0,0,0,0,0,0,0,0,0.0,1225.0,1220.0,0
205,205,Seamus Coleman,100.0,100.0,59949,2,48,2.8,4,1.3,7,53,1092,0,3,4,16,0,0,0,0,3,54.3,1225.0,1220.0,0
206,206,Cenk Tosun,0.0,0.0,66838,4,60,0.8,0,0.0,7,4,44,0,0,0,3,0,0,1,0,0,1.8,1225.0,1220.0,0
207,207,Bernard Anício Caldeira Duarte,0.0,100.0,100649,3,57,2.0,0,0.1,7,18,390,1,0,2,4,0,0,2,0,1,29.0,1225.0,1220.0,0
208,208,Lucas Digne,100.0,100.0,101188,2,61,3.6,1,8.6,7,83,2051,0,8,5,34,0,0,2,0,11,107.2,1225.0,1220.0,0
209,209,Michael Keane,,,106611,2,51,3.5,1,6.0,7,106,2539,3,1,8,37,0,0,4,0,12,98.1,1225.0,1220.0,0
210,210,Jordan Pickford,100.0,100.0,111234,1,48,3.3,1,4.6,7,80,2112,0,0,6,31,0,0,1,70,6,54.8,1225.0,1220.0,0
211,211,André Filipe Tavares Gomes,100.0,100.0,120250,3,53,1.7,0,0.2,7,40,1386,0,1,4,21,0,0,3,0,0,46.7,1225.0,1220.0,0
212,212,Alex Iwobi,100.0,100.0,153133,3,59,2.3,2,0.2,7,61,1407,1,3,5,18,0,0,0,0,1,71.7,1225.0,1220.0,0
213,213,Jonjoe Kenny,0.0,0.0,153673,2,43,1.2,0,0.1,7,5,78,0,0,0,1,0,0,0,0,0,2.8,1225.0,1220.0,0
214,214,Jean-Philippe Gbamin,0.0,0.0,160987,3,50,1.0,0,0.0,7,1,11,0,0,0,1,0,0,0,0,0,0.5,1225.0,1220.0,0
215,215,Yerry Mina,0.0,100.0,164511,2,55,3.0,0,1.7,7,64,1784,2,0,4,22,0,0,2,0,5,66.5,1225.0,1220.0,0
216,216,Tom Davies,100.0,100.0,173807,3,52,1.9,1,0.1,7,40,1225,0,1,4,18,0,0,3,0,1,31.8,1225.0,1220.0,0
217,217,Dominic Calvert-Lewin,0.0,100.0,177815,4,75,5.3,0,27.0,7,138,2241,14,6,7,31,0,0,3,0,16,198.5,1225.0,1220.0,0
218,218,Mason Holgate,100.0,100.0,194164,2,48,3.1,1,0.9,7,66,1852,1,0,7,24,0,0,7,0,4,54.7,1225.0,1220.0,0
219,219,Richarlison de Andrade,100.0,100.0,212319,4,78,3.7,2,8.2,7,100,2254,6,5,7,30,0,0,3,0,15,160.7,1225.0,1220.0,0
220,220,João Virgínia,,,222627,1,43,2.0,0,0.1,7,2,47,0,0,0,0,0,0,0,3,0,2.5,1225.0,1220.0,0
221,221,Anthony Gordon,0.0,0.0,232826,3,43,1.0,0,0.4,7,3,87,0,0,0,0,0,0,0,0,0,3.1,1225.0,1220.0,0
222,222,Moise Kean,0.0,0.0,242058,4,57,1.0,0,0.2,7,2,13,0,0,0,0,0,0,0,0,0,0.9,1225.0,1220.0,0
223,223,Jarrad Branthwaite,0.0,0.0,480455,2,39,0.0,0,1.1,7,0,0,0,0,0,0,0,0,0,0,0,0.0,1225.0,1220.0,0
224,224,Allan Marques Loureiro,100.0,100.0,119765,3,52,1.8,2,0.6,7,31,1420,0,0,3,22,0,0,4,0,0,38.8,1225.0,1220.0,0
225,225,James Rodríguez,100.0,100.0,60025,3,77,4.6,6,8.6,7,97,1601,6,5,4,26,0,0,3,0,11,140.4,1225.0,1220.0,0
226,226,Abdoulaye Doucouré,0.0,0.0,121599,3,51,2.8,0,0.6,7,71,2131,2,3,7,32,0,0,6,0,2,94.2,1225.0,1220.0,0
227,227,Niels Nkounkou,100.0,100.0,495542,2,40,1.0,0,0.2,7,1,68,0,0,0,1,0,0,1,0,0,2.0,1225.0,1220.0,0
228,228,Ben Godfrey,100.0,100.0,198826,2,50,2.7,1,0.4,7,64,2053,0,1,7,27,0,0,4,0,1,60.9,1225.0,1220.0,0
229,229,Robin Olsen,100.0,100.0,111782,1,45,3.6,0,0.1,7,25,630,0,0,2,9,0,0,1,21,3,16.7,1225.0,1220.0,0
230,230,Ellis Simms,0.0,0.0,218997,4,45,0.0,0,0.1,7,0,0,0,0,0,0,0,0,0,0,0,0.0,1225.0,1220.0,0
231,231,Tyler Onyango,,,461446,3,45,0.0,0,0.0,7,0,0,0,0,0,0,0,0,0,0,0,0.0,1225.0,1220.0,0
232,232,Joshua King,100.0,100.0,78007,4,51,1.0,1,0.1,7,9,124,0,0,0,2,0,0,0,0,0,4.1,1225.0,1220.0,0
233,233,Kyle John,,,232829,2,40,0.0,0,0.0,7,0,0,0,0,0,0,0,0,0,0,0,0.0,1225.0,1220.0,0
234,234,Nathan Broadhead,,,173818,3,45,1.0,0,0.0,7,1,2,0,0,0,0,0,0,0,0,0,0.2,1225.0,1220.0,0
235,235,Ryan Astley,,,422612,2,40,0.0,0,0.0,7,0,0,0,0,0,0,0,0,0,0,0,0.0,1225.0,1220.0,0
236,236,Harry Tyrer,,,447325,1,40,0.0,0,0.0,7,0,0,0,0,0,0,0,0,0,0,0,0.0,1225.0,1220.0,0
237,237,Reece Welch,,,474907,2,40,0.0,0,0.0,7,0,0,0,0,0,0,0,0,0,0,0,0.0,1225.0,1220.0,0
238,238,Isaac Price,,,491559,3,45,0.0,0,0.0,7,0,0,0,0,0,0,0,0,0,0,0,0.0,1225.0,1220.0,0
239,239,Ruben Loftus-Cheek,100.0,100.0,126187,3,59,2.2,1,0.2,8,63,1874,1,0,11,21,0,0,3,0,0,87.6,1265.0,1220.0,0
240,240,Fabricio Agosto Ramírez,,,40559,1,39,0.0,0,2.2,8,0,0,0,0,0,0,0,0,0,0,0,0.0,1265.0,1220.0,0
241,241,Kevin McDonald,0.0,0.0,55038,3,47,0.0,0,0.0,8,0,0,0,0,0,0,0,0,0,0,0,0.0,1265.0,1220.0,0
242,242,Maxime Le Marchand,0.0,0.0,61739,2,41,0.5,0,0.1,8,1,122,0,0,0,1,0,0,2,0,0,1.6,1265.0,1220.0,0
243,243,Stefan Johansen,0.0,0.0,61916,3,47,0.0,0,0.0,8,0,0,0,0,0,0,0,0,0,0,0,0.0,1265.0,1220.0,0
244,244,Tom Cairney,0.0,0.0,76357,3,52,2.7,0,0.1,8,27,758,1,1,1,15,0,0,2,0,2,57.3,1265.0,1220.0,0
245,245,Tim Ream,,,82514,2,42,1.4,0,0.1,8,7,450,0,0,0,10,0,0,0,0,0,8.8,1265.0,1220.0,0
246,246,Anthony Knockaert,0.0,0.0,83543,3,50,0.0,0,0.0,8,0,0,0,0,0,0,0,0,0,0,0,0.0,1265.0,1220.0,0
247,247,Michael Hector,,,84915,2,41,0.0,0,0.1,8,0,262,0,0,0,10,0,0,2,0,0,6.9,1265.0,1220.0,0
248,248,Cyrus Christie,0.0,0.0,87107,2,42,0.0,0,0.0,8,0,0,0,0,0,0,0,0,0,0,0,0.0,1265.0,1220.0,0
249,249,Neeskens Kebano,0.0,0.0,92259,3,47,1.2,0,0.0,8,6,116,0,0,0,3,0,0,0,0,0,5.9,1265.0,1220.0,0
250,250,Bobby Decordova-Reid,100.0,100.0,96994,4,53,2.6,1,0.6,8,72,1942,5,1,9,22,0,0,7,0,6,94.5,1265.0,1220.0,0
251,251,Joe Bryan,,,101105,2,45,1.1,1,0.3,8,14,470,0,1,0,14,0,0,2,0,0,17.6,1265.0,1220.0,0
252,252,Marcus Bettinelli,0.0,0.0,122074,1,43,0.0,0,0.0,8,0,0,0,0,0,0,0,0,0,0,0,0.0,1265.0,1220.0,0
253,253,Aleksandar Mitrović,100.0,100.0,128389,4,55,2.4,0,3.4,8,60,1290,3,3,1,22,0,1,3,0,7,118.7,1265.0,1220.0,0
254,254,Alfie Mawson,0.0,0.0,149266,2,43,0.0,0,0.0,8,0,0,0,0,0,0,0,0,0,0,0,0.0,1265.0,1220.0,0
255,255,Marek Rodák,25.0,25.0,155529,1,43,1.0,0,0.2,8,1,90,0,0,0,3,0,0,0,2,0,1.8,1265.0,1220.0,0
256,256,Ivan Ricardo Neves Abreu Cavaleiro,100.0,100.0,166324,3,53,2.4,3,0.1,8,75,2028,3,0,7,33,0,1,2,0,4,122.9,1265.0,1220.0,0
257,257,Josh Onomah,100.0,100.0,168765,3,46,1.0,0,0.0,8,7,168,0,0,0,8,0,0,1,0,0,5.5,1265.0,1220.0,0
258,258,Jean Michaël Seri,0.0,0.0,170271,3,46,0.0,0,0.0,8,0,0,0,0,0,0,0,0,0,0,0,0.0,1265.0,1220.0,0
259,259,Aboubakar Kamara,0.0,0.0,197030,3,48,0.7,0,0.0,8,8,307,0,0,0,9,0,0,1,0,0,13.2,1265.0,1220.0,0
260,260,André-Frank Zambo Anguissa,,,203325,3,45,2.2,2,1.3,8,68,2204,0,3,6,32,0,0,5,0,4,103.7,1265.0,1220.0,0
261,261,Zeze Steven Sessegnon,0.0,0.0,208998,2,43,0.0,0,0.0,8,0,0,0,0,0,0,0,0,0,0,0,0.0,1265.0,1220.0,0
262,262,Harrison Reed,100.0,100.0,153366,3,44,2.3,1,0.6,8,66,2122,0,3,9,31,0,0,5,0,0,81.0,1265.0,1220.0,0
263,263,Antonee Robinson,100.0,100.0,169528,2,44,2.1,2,0.2,8,55,1979,0,0,5,24,0,0,4,0,1,99.1,1265.0,1220.0,0
264,264,Mario Lemina,100.0,100.0,151086,3,45,2.0,5,0.3,8,51,1439,1,1,3,22,0,0,3,0,3,52.2,1265.0,1220.0,0
265,265,Alphonse Areola,,,84182,1,46,3.6,2,4.8,8,115,2880,0,0,9,40,0,0,1,102,8,76.9,1265.0,1220.0,0
266,266,Kenny Tete,100.0,75.0,167074,2,43,2.7,0,0.2,8,48,1243,0,1,5,20,0,0,2,0,3,66.1,1265.0,1220.0,0
267,267,Denis Odoi,,,72681,2,42,0.3,0,0.1,8,1,270,0,0,0,10,0,0,1,0,0,6.4,1265.0,1220.0,0
268,268,Ademola Lookman,100.0,100.0,219352,3,49,3.4,3,1.6,8,99,2388,4,4,10,26,0,1,4,0,8,206.8,1265.0,1220.0,0
269,269,Ola Aina,,,159506,2,45,3.5,2,2.3,8,101,2513,2,1,8,32,0,0,2,0,8,83.7,1265.0,1220.0,0
270,270,Joachim Andersen,100.0,100.0,174874,2,45,3.3,1,0.5,8,90,2401,1,1,9,29,0,0,5,0,7,74.5,1265.0,1220.0,0
271,271,Tosin Adarabioyo,,,109646,2,45,3.4,2,0.7,8,94,2520,0,1,9,31,0,0,1,0,11,82.8,1265.0,1220.0,0
272,272,Terence Kongolo,0.0,0.0,109434,2,43,2.0,0,0.0,8,2,90,0,0,0,1,0,0,0,0,0,2.4,1265.0,1220.0,0
273,273,Josh Maja,,,195480,4,53,3.2,8,0.6,8,35,648,3,0,5,5,0,0,0,0,5,48.3,1265.0,1220.0,0
274,274,Wes Morgan,75.0,75.0,15033,2,44,1.0,0,0.1,9,3,16,0,0,0,0,0,0,0,0,0,0.3,1100.0,1045.0,0
275,275,Kasper Schmeichel,100.0,100.0,17745,1,54,3.8,6,10.0,9,122,2880,0,0,11,37,0,0,0,78,6,68.5,1100.0,1045.0,0
276,276,Christian Fuchs,100.0,100.0,37402,2,45,2.7,0,0.2,9,24,701,0,0,3,9,0,0,4,0,2,19.2,1100.0,1045.0,0
277,277,Jonny Evans,100.0,100.0,37642,2,55,3.6,15,1.3,9,94,2293,1,1,10,29,0,0,7,0,10,63.9,1100.0,1045.0,0
278,278,Adrien Silva,0.0,0.0,46483,3,44,0.0,0,0.2,9,0,0,0,0,0,0,0,0,0,0,0,0.0,1100.0,1045.0,0
279,279,Marc Albrighton,,,51938,3,52,2.3,1,0.1,9,57,1369,0,6,4,13,0,0,2,0,0,93.6,1100.0,1045.0,0
280,280,Matty James,0.0,0.0,61604,3,43,0.0,0,0.2,9,0,0,0,0,0,0,0,0,0,0,0,0.0,1100.0,1045.0,0
281,281,Danny Ward,,,95463,1,43,0.0,0,0.2,9,0,0,0,0,0,0,0,0,0,0,0,0.0,1100.0,1045.0,0
282,282,Jamie Vardy,100.0,100.0,101668,4,102,5.8,10,21.5,9,161,2309,13,13,8,31,0,1,1,0,20,206.1,1100.0,1045.0,0
283,283,Dennis Praet,100.0,100.0,106837,3,52,2.5,1,0.1,9,37,714,1,2,3,11,0,0,0,0,1,36.9,1100.0,1045.0,0
284,284,Ricardo Domingos Barbosa Pereira,100.0,100.0,111931,2,59,2.2,0,0.9,9,26,835,0,1,2,13,0,0,2,0,0,43.9,1100.0,1045.0,0
285,285,Daniel Amartey,100.0,100.0,155569,2,39,1.7,0,1.5,9,20,718,1,0,0,12,0,0,2,0,2,22.7,1100.0,1045.0,0
286,286,Youri Tielemans,,,166989,3,64,3.7,3,3.7,9,118,2816,6,3,11,37,0,0,6,0,11,162.4,1100.0,1045.0,0
287,287,Ayoze Pérez,100.0,100.0,168580,3,60,2.5,1,0.6,9,48,1066,2,0,5,13,0,0,1,0,2,82.1,1100.0,1045.0,0
288,288,Demarai Gray,0.0,0.0,172632,3,51,1.0,0,0.1,9,1,18,0,0,0,0,0,0,0,0,0,0.5,1100.0,1045.0,0
289,289,James Maddison,100.0,100.0,172780,3,72,4.9,3,6.5,9,123,1713,8,7,10,20,0,0,4,0,12,177.8,1100.0,1045.0,0
290,290,Kelechi Iheanacho,,,173515,4,61,4.0,6,19.1,9,76,972,9,0,5,11,0,1,0,0,12,116.1,1100.0,1045.0,0
291,291,Hamza Choudhury,,,197469,3,46,1.4,0,0.1,9,13,301,0,0,2,2,0,0,1,0,0,7.5,1100.0,1045.0,0
292,292,Harvey Barnes,0.0,0.0,201666,3,66,5.0,0,3.0,9,126,1944,9,5,7,25,0,0,0,0,13,172.7,1100.0,1045.0,0
293,293,Wilfred Ndidi,100.0,100.0,203341,3,48,3.1,3,0.7,9,63,1663,1,3,7,20,0,0,5,0,9,64.8,1100.0,1045.0,0
294,294,Filip Benkovic,0.0,0.0,213405,2,43,0.0,0,0.0,9,0,0,0,0,0,0,0,0,0,0,0,0.0,1100.0,1045.0,0
295,295,Çaglar Söyüncü,100.0,100.0,218031,2,53,2.5,6,2.9,9,43,1276,0,0,5,17,0,0,2,0,0,42.9,1100.0,1045.0,0
296,296,James Justin,0.0,0.0,220627,2,48,4.4,0,6.6,9,101,2070,2,2,9,25,0,0,4,0,13,96.0,1100.0,1045.0,0
297,297,Luke Thomas,,,244619,2,41,1.5,6,0.2,9,12,540,0,0,1,8,0,0,2,0,0,14.8,1100.0,1045.0,0
298,298,Timothy Castagne,100.0,100.0,166477,2,57,3.8,11,4.9,9,80,1805,1,4,6,24,0,0,1,0,6,81.7,1100.0,1045.0,0
299,299,Nampalys Mendy,,,86881,3,42,1.8,0,1.6,9,38,1370,0,1,4,21,0,0,5,0,0,26.1,1100.0,1045.0,0
300,300,Cengiz Ünder,100.0,100.0,228798,3,57,1.8,0,0.0,9,16,275,0,2,0,5,0,0,0,0,0,24.9,1100.0,1045.0,0
301,301,Wesley Fofana,100.0,100.0,444463,2,50,3.0,6,0.9,9,65,1835,0,1,7,22,0,0,6,0,5,57.7,1100.0,1045.0,0
302,302,Islam Slimani,0.0,0.0,149828,4,49,1.0,0,0.1,9,1,19,0,0,0,1,0,0,0,0,0,1.8,1100.0,1045.0,0
303,303,Vontae Daley-Campbell,,,232229,2,40,0.0,0,0.0,9,0,0,0,0,0,0,0,0,0,0,0,0.0,1100.0,1045.0,0
304,304,Thakgalo Leshabela,,,232881,3,44,1.0,0,0.0,9,1,9,0,0,0,0,0,0,0,0,0,0.2,1100.0,1045.0,0
305,305,Sidnei Tavares,,,421796,3,44,1.5,0,0.0,9,3,84,0,0,0,1,0,0,0,0,0,2.0,1100.0,1045.0,0
306,306,Shane Flynn,,,447373,3,45,0.0,0,0.0,9,0,0,0,0,0,0,0,0,0,0,0,0.0,1100.0,1045.0,0
307,307,Thanawat Suengchitthawon,,,513789,3,45,0.0,0,0.0,9,0,0,0,0,0,0,0,0,0,0,0,0.0,1100.0,1045.0,0
308,308,Pablo Hernández Domínguez,100.0,100.0,28690,3,57,1.5,1,0.2,10,21,334,0,2,0,5,0,0,1,0,0,24.6,1285.0,1230.0,0
309,309,Francisco Casilla Cortés,100.0,100.0,39790,1,42,2.0,0,0.8,10,2,90,0,0,0,1,0,0,0,1,0,0.8,1285.0,1230.0,0
310,310,Liam Cooper,0.0,0.0,55914,2,43,2.3,0,0.4,10,52,2006,1,0,5,40,0,0,3,0,2,85.1,1285.0,1230.0,0
311,311,Barry Douglas,0.0,0.0,57913,2,38,0.0,0,2.9,10,0,0,0,0,0,0,0,0,0,0,0,0.0,1285.0,1230.0,0
312,312,Luke Ayling,,,66588,2,44,2.4,2,2.5,10,78,2859,0,0,9,50,0,0,5,0,1,139.8,1285.0,1230.0,0
313,313,Mateusz Klich,100.0,100.0,72222,3,52,2.8,1,2.4,10,86,2114,3,5,7,41,0,0,6,0,3,127.0,1285.0,1230.0,0
314,314,Adam Forshaw,25.0,25.0,80179,3,48,0.0,0,0.0,10,0,0,0,0,0,0,0,0,0,0,0,0.0,1285.0,1230.0,0
315,315,Stuart Dallas,,,87873,2,52,4.4,1,25.4,10,142,2870,7,3,9,49,0,0,6,0,14,145.5,1285.0,1230.0,0
316,316,Ezgjan Alioski,100.0,100.0,105377,2,43,2.7,1,1.9,10,81,1961,2,1,7,32,0,0,6,0,6,97.8,1285.0,1230.0,0
317,317,Patrick Bamford,100.0,100.0,106617,4,65,5.1,2,43.9,10,164,2634,14,10,8,47,0,0,2,0,19,232.8,1285.0,1230.0,0
318,318,Jack Harrison,100.0,100.0,221399,3,54,4.3,5,2.7,10,129,2329,7,7,8,41,0,0,2,0,13,188.7,1285.0,1230.0,0
319,319,Kalvin Phillips,100.0,100.0,155405,3,49,2.3,2,0.9,10,55,2112,0,2,7,33,0,0,7,0,2,97.5,1285.0,1230.0,0
320,320,Hélder Wander Sousa de Azevedo e Costa,,,165808,3,50,2.9,2,2.2,10,60,1079,3,4,2,23,0,0,0,0,2,61.9,1285.0,1230.0,0
321,321,Tyler Roberts,,,173821,3,46,1.7,2,0.1,10,36,1061,0,2,3,15,0,0,2,0,0,53.8,1285.0,1230.0,0
322,322,Jay-Roy Grot,0.0,0.0,204642,3,47,0.0,0,0.0,10,0,0,0,0,0,0,0,0,0,0,0,0.0,1285.0,1230.0,0
323,323,Kamil Miazek,0.0,0.0,214987,1,40,0.0,0,0.8,10,0,0,0,0,0,0,0,0,0,0,0,0.0,1285.0,1230.0,0
324,324,Ian Carlo Poveda-Ocampo,100.0,100.0,215460,3,42,1.0,1,0.3,10,11,268,0,0,0,4,0,0,0,0,0,19.5,1285.0,1230.0,0
325,325,Jamie Shackleton,100.0,100.0,221610,3,48,1.3,0,0.0,10,17,454,0,0,1,11,0,0,0,0,0,11.4,1285.0,1230.0,0
326,326,Pascal Struijk,100.0,100.0,222694,2,40,2.6,2,5.1,10,55,1646,1,0,5,28,0,0,2,0,2,59.2,1285.0,1230.0,0
327,327,Jordan Stevens,0.0,0.0,434138,3,43,0.0,0,0.4,10,0,0,0,0,0,0,0,0,0,0,0,0.0,1285.0,1230.0,0
328,328,Illan Meslier,100.0,100.0,437495,1,47,4.4,5,6.8,10,136,2790,0,0,9,49,1,0,0,127,20,94.3,1285.0,1230.0,0
329,329,Leif Davis,100.0,100.0,455084,2,38,1.0,0,1.1,10,2,31,0,0,0,0,0,0,0,0,0,0.3,1285.0,1230.0,0
330,330,Oliver Casey,,,467114,2,38,0.0,0,1.0,10,0,0,0,0,0,0,0,0,0,0,0,0.0,1285.0,1230.0,0
331,331,Robin Koch,100.0,100.0,193645,2,43,2.5,0,0.3,10,35,937,0,0,4,18,0,0,0,0,2,32.3,1285.0,1230.0,0
332,332,Rodrigo Moreno,75.0,75.0,80954,4,57,2.7,0,1.9,10,56,1083,3,3,2,20,0,0,3,0,8,102.1,1285.0,1230.0,0
333,333,Elia Caprile,,,463912,1,40,0.0,0,0.2,10,0,0,0,0,0,0,0,0,0,0,0,0.0,1285.0,1230.0,0
334,334,Mateusz Bogusz,0.0,0.0,480216,3,43,0.0,0,0.0,10,0,0,0,0,0,0,0,0,0,0,0,0.0,1285.0,1230.0,0
335,335,Diego Llorente,100.0,100.0,149915,2,44,3.2,10,0.1,10,32,810,1,0,2,10,0,0,1,0,2,37.9,1285.0,1230.0,0
336,336,Raphael Dias Belloli,75.0,75.0,219961,3,55,4.4,0,9.9,10,115,2066,6,7,7,33,0,0,3,0,11,220.9,1285.0,1230.0,0
337,337,Jack Jenkins,,,492374,3,45,0.0,0,0.0,10,0,0,0,0,0,0,0,0,0,0,0,0.0,1285.0,1230.0,0
338,338,Niall Huggins,,,492066,4,45,1.0,0,0.1,10,1,37,0,0,0,0,0,0,0,0,0,0.6,1285.0,1230.0,0
339,339,Charlie Cresswell,,,492373,2,40,0.0,0,0.1,10,0,0,0,0,0,0,0,0,0,0,0,0.0,1285.0,1230.0,0
340,340,Joe Gelhardt,,,462635,4,45,0.0,0,0.0,10,0,0,0,0,0,0,0,0,0,0,0,0.0,1285.0,1230.0,0
341,341,Gaetano Berardi,,,38588,2,40,0.0,0,0.0,10,0,0,0,0,0,0,0,0,0,0,0,0.0,1285.0,1230.0,0
342,342,James Milner,100.0,100.0,15157,3,53,1.8,2,0.1,11,42,1009,0,2,4,9,0,0,2,0,2,51.3,1060.0,1165.0,0
343,343,Konstantinos Tsimikas,100.0,100.0,214285,2,49,1.0,0,0.0,11,1,5,0,0,0,0,0,0,0,0,0,0.0,1060.0,1165.0,0
344,344,Georginio Wijnaldum,,,41733,3,53,2.6,2,1.1,11,83,2516,2,1,7,36,0,0,1,0,3,93.1,1060.0,1165.0,0
345,345,Jordan Henderson,0.0,0.0,56979,3,54,2.7,0,0.9,11,56,1704,1,2,4,23,0,0,0,0,2,72.9,1060.0,1165.0,0
346,346,Adrián San Miguel del Castillo,,,60706,1,42,3.7,0,0.4,11,11,270,0,0,1,9,0,0,0,10,2,5.9,1060.0,1165.0,0
347,347,Joel Matip,0.0,0.0,60914,2,54,4.2,0,0.4,11,42,690,1,2,3,5,0,0,2,0,5,30.6,1060.0,1165.0,0
348,348,Xherdan Shaqiri,100.0,100.0,68312,3,64,1.9,0,0.1,11,25,517,0,2,2,7,0,0,2,0,1,43.9,1060.0,1165.0,0
349,349,Alex Oxlade-Chamberlain,100.0,100.0,81880,3,63,1.3,1,0.0,11,13,230,0,1,0,6,0,0,0,0,0,12.1,1060.0,1165.0,0
350,350,Roberto Firmino,100.0,100.0,92217,4,90,3.6,1,3.2,11,107,2386,6,6,8,35,0,0,2,0,10,221.8,1060.0,1165.0,0
351,351,Virgil van Dijk,0.0,0.0,97032,2,62,3.0,0,6.2,11,15,370,1,0,1,11,0,0,1,0,1,15.3,1060.0,1165.0,0
352,352,Sadio Mané,100.0,100.0,110979,3,117,4.7,8,5.2,11,135,2342,8,9,9,26,0,0,3,0,8,250.0,1060.0,1165.0,0
353,353,Alisson Ramses Becker,100.0,100.0,116535,1,59,3.7,3,6.1,11,101,2430,0,0,7,28,1,0,1,65,8,60.2,1060.0,1165.0,0
354,354,Fabio Henrique Tavares,100.0,100.0,116643,3,54,2.4,2,0.8,11,57,2026,0,2,8,25,0,0,5,0,2,47.7,1060.0,1165.0,0
355,355,Mohamed Salah,100.0,100.0,118748,3,126,6.1,1,33.8,11,190,2541,19,4,8,37,0,0,0,0,16,304.8,1060.0,1165.0,0
356,356,Andrew Robertson,100.0,100.0,122798,2,71,3.9,2,14.0,11,126,2844,1,6,9,38,0,0,2,0,13,182.5,1060.0,1165.0,0
357,357,Divock Origi,0.0,0.0,152760,4,51,1.1,0,0.6,11,10,180,0,0,1,0,0,0,0,0,0,11.1,1060.0,1165.0,0
358,358,Harry Wilson,0.0,0.0,153682,3,51,0.0,0,0.0,11,0,0,0,0,0,0,0,0,0,0,0,0.0,1060.0,1165.0,0
359,359,Trent Alexander-Arnold,100.0,100.0,169187,2,75,4.2,8,19.2,11,125,2489,2,5,7,36,0,0,1,0,22,195.5,1060.0,1165.0,0
360,360,Joseph Gomez,0.0,0.0,171287,2,52,1.4,0,1.0,11,10,589,0,0,0,14,0,0,0,0,0,12.5,1060.0,1165.0,0
361,361,Naby Keita,100.0,100.0,175592,3,52,1.5,0,0.2,11,15,517,0,0,2,8,0,0,1,0,0,29.0,1060.0,1165.0,0
362,362,Curtis Jones,75.0,75.0,206915,3,44,2.1,0,0.7,11,43,1081,1,1,5,12,0,0,2,0,0,70.4,1060.0,1165.0,0
363,363,Neco Williams,,,215136,2,38,2.0,0,4.2,11,10,246,0,0,1,1,0,0,1,0,0,12.2,1060.0,1165.0,0
364,364,Harvey Elliott,0.0,0.0,444884,3,43,0.0,0,0.1,11,0,0,0,0,0,0,0,0,0,0,0,0.0,1060.0,1165.0,0
365,365,Diogo Jota,100.0,100.0,194634,3,70,4.9,3,17.4,11,74,897,8,0,3,13,0,0,2,0,9,101.3,1060.0,1165.0,0
366,366,Thiago Alcántara do Nascimento,100.0,100.0,61558,3,55,1.8,2,0.9,11,33,1325,0,0,4,15,0,0,4,0,0,67.5,1060.0,1165.0,0
367,367,Caoimhin Kelleher,0.0,0.0,200720,1,45,5.0,0,0.1,11,10,180,0,0,1,1,0,0,0,6,0,5.8,1060.0,1165.0,0
368,368,Nathaniel Phillips,100.0,75.0,197464,2,41,3.1,0,2.9,11,37,1005,0,0,4,8,0,0,2,0,0,37.9,1060.0,1165.0,0
369,369,Rhys Williams,100.0,100.0,219937,2,40,1.5,0,0.2,11,6,216,0,0,0,3,0,0,0,0,0,6.3,1060.0,1165.0,0
370,370,Leighton Clarkson,,,233489,3,45,0.0,0,0.0,11,0,0,0,0,0,0,0,0,0,0,0,0.0,1060.0,1165.0,0
371,371,Jake Cain,,,243343,3,45,0.0,0,0.0,11,0,0,0,0,0,0,0,0,0,0,0,0.0,1060.0,1165.0,0
372,372,Ozan Kabak,100.0,100.0,438277,2,50,3.1,2,0.8,11,25,711,0,0,3,8,0,0,2,0,1,13.6,1060.0,1165.0,0
373,373,Ben Davies,100.0,100.0,152898,2,48,0.0,0,0.0,11,0,0,0,0,0,0,0,0,0,0,0,0.0,1060.0,1165.0,0
374,374,Liam Hughes,,,433019,1,40,0.0,0,0.0,11,0,0,0,0,0,0,0,0,0,0,0,0.0,1060.0,1165.0,0
375,375,Jakub Ojrzynski,,,490138,1,40,0.0,0,0.0,11,0,0,0,0,0,0,0,0,0,0,0,0.0,1060.0,1165.0,0
376,376,Fernando Luiz Rosa,100.0,100.0,27789,2,54,2.5,1,0.7,12,45,992,0,0,5,8,0,0,5,0,5,42.6,1100.0,1130.0,0
377,377,Claudio Bravo,0.0,0.0,33148,1,45,0.0,0,0.0,12,0,0,0,0,0,0,0,0,0,0,0,0.0,1100.0,1130.0,0
378,378,Sergio Agüero,50.0,50.0,37572,4,103,1.9,0,1.2,12,17,370,1,0,3,3,0,0,0,0,0,26.1,1100.0,1130.0,0
379,379,Nicolás Otamendi,0.0,0.0,57410,2,49,0.0,0,0.2,12,0,0,0,0,0,0,0,0,0,0,0,0.0,1100.0,1130.0,0
380,380,Kyle Walker,100.0,100.0,58621,2,61,3.8,2,4.9,12,84,1764,1,1,8,17,0,0,1,0,7,57.9,1100.0,1130.0,0
381,381,Ilkay Gündogan,100.0,100.0,59859,3,58,5.8,1,24.1,12,144,1861,12,3,12,11,0,1,1,0,21,190.2,1100.0,1130.0,0
382,382,Kevin De Bruyne,100.0,75.0,61366,3,119,5.3,0,15.6,12,128,1905,5,11,11,17,0,1,1,0,17,265.5,1100.0,1130.0,0
383,383,John Stones,,0.0,97299,2,52,6.0,-2,17.4,12,121,1753,4,0,13,9,0,0,0,0,11,73.4,1100.0,1130.0,0
384,384,Benjamin Mendy,100.0,100.0,102826,2,59,4.8,0,1.5,12,48,766,2,0,4,9,0,0,2,0,5,26.6,1100.0,1130.0,0
385,385,Riyad Mahrez,,,103025,3,81,5.4,2,6.0,12,134,1791,9,6,10,19,0,0,0,0,15,206.9,1100.0,1130.0,0
386,386,Raheem Sterling,100.0,100.0,103955,3,112,5.1,0,4.9,12,138,2174,9,8,12,18,0,1,2,0,10,228.3,1100.0,1130.0,0
387,387,João Pedro Cavaco Cancelo,100.0,100.0,121145,2,59,5.1,0,15.9,12,123,2036,1,3,13,13,0,0,4,0,16,146.8,1100.0,1130.0,0
388,388,Ederson Santana de Moraes,100.0,100.0,121160,1,61,4.3,2,9.5,12,137,2880,0,1,17,23,0,0,3,53,3,48.4,1100.0,1130.0,0
389,389,Nathan Aké,100.0,100.0,126184,2,54,3.0,0,2.4,12,21,527,1,0,2,8,0,0,4,0,1,19.1,1100.0,1130.0,0
390,390,Aymeric Laporte,100.0,100.0,146941,2,60,3.6,1,2.2,12,51,1163,0,0,6,8,0,0,1,0,4,29.3,1100.0,1130.0,0
391,391,Bernardo Mota Veiga de Carvalho e Silva,100.0,100.0,165809,3,74,3.8,11,1.0,12,91,1897,2,7,11,12,0,0,4,0,9,128.7,1100.0,1130.0,0
392,392,Gabriel Fernando de Jesus,100.0,100.0,205651,4,92,4.2,1,2.9,12,100,1700,8,4,9,12,0,0,1,0,16,154.3,1100.0,1130.0,0
393,393,Oleksandr Zinchenko,100.0,100.0,206325,2,55,3.8,2,0.5,12,60,1260,0,0,7,10,0,0,0,0,5,62.3,1100.0,1130.0,0
394,394,Phil Foden,,,209244,3,60,4.7,9,7.1,12,118,1442,7,8,6,12,0,0,0,0,14,167.1,1100.0,1130.0,0
395,395,Tommy Doyle,100.0,100.0,220394,3,44,0.0,0,0.1,12,0,0,0,0,0,0,0,0,0,0,0,0.0,1100.0,1130.0,0
396,396,Rodrigo Hernandez,100.0,100.0,220566,3,53,2.8,8,0.4,12,80,2353,2,1,12,19,0,0,4,0,5,128.6,1100.0,1130.0,0
397,397,Ferran Torres,100.0,100.0,224444,3,69,3.3,0,0.8,12,62,1017,3,4,6,9,0,0,1,0,0,79.8,1100.0,1130.0,0
398,398,Eric Garcia,100.0,100.0,432656,2,47,1.0,0,0.2,12,4,215,0,0,0,6,0,0,0,0,0,6.3,1100.0,1130.0,0
399,399,Adrián Bernabé,100.0,100.0,449926,3,45,0.0,0,0.0,12,0,0,0,0,0,0,0,0,0,0,0,0.0,1100.0,1130.0,0
400,400,Zack Steffen,,,164484,1,44,2.0,0,0.1,12,2,90,0,0,0,1,0,0,0,1,0,1.0,1100.0,1130.0,0
401,401,Liam Delap,,,463034,4,43,1.0,0,0.9,12,1,39,0,0,0,4,0,0,0,0,0,0.2,1100.0,1130.0,0
402,402,Cole Palmer,100.0,100.0,244851,3,44,0.0,0,0.0,12,0,0,0,0,0,0,0,0,0,0,0,0.0,1100.0,1130.0,0
403,403,Rúben Santos Gato Alves Dias,100.0,100.0,171314,2,62,4.7,2,23.5,12,135,2573,1,1,16,16,0,0,3,0,12,86.3,1100.0,1130.0,0
404,404,James Trafford,,,432720,1,40,0.0,0,0.1,12,0,0,0,0,0,0,0,0,0,0,0,0.0,1100.0,1130.0,0
405,405,Scott Carson,100.0,100.0,17601,1,39,0.0,0,0.1,12,0,0,0,0,0,0,0,0,0,0,0,0.0,1100.0,1130.0,0
406,406,Felix Nmecha,,,219265,3,45,0.0,0,0.0,12,0,0,0,0,0,0,0,0,0,0,0,0.0,1100.0,1130.0,0
407,407,Luke Mbete,,,439510,2,40,0.0,0,0.0,12,0,0,0,0,0,0,0,0,0,0,0,0.0,1100.0,1130.0,0
408,408,Taylor Harwood-Bellis,0.0,0.0,245719,2,40,0.0,0,0.0,12,0,0,0,0,0,0,0,0,0,0,0,0.0,1100.0,1130.0,0
409,409,Claudio Gomes,,,219291,3,45,0.0,0,0.0,12,0,0,0,0,0,0,0,0,0,0,0,0.0,1100.0,1130.0,0
410,410,Sergio Romero,0.0,0.0,42899,1,49,0.0,0,0.1,13,0,0,0,0,0,0,0,0,0,0,0,0.0,1165.0,1065.0,0
411,411,Juan Mata,100.0,100.0,43670,3,58,2.9,0,0.1,13,20,336,0,3,1,3,0,0,0,0,0,25.6,1165.0,1065.0,0
412,412,David de Gea,100.0,100.0,51940,1,53,3.6,0,3.4,13,87,2115,0,0,9,29,0,0,0,54,4,41.5,1165.0,1065.0,0
413,413,Chris Smalling,0.0,0.0,55909,2,49,0.0,0,0.1,13,0,0,0,0,0,0,0,0,0,0,0,0.0,1165.0,1065.0,0
414,414,Odion Ighalo,0.0,0.0,58498,4,61,1.0,0,0.2,13,1,9,0,0,0,1,0,0,0,0,0,0.2,1165.0,1065.0,0
415,415,Marcos Rojo,0.0,0.0,58893,2,48,0.0,0,0.0,13,0,0,0,0,0,0,0,0,0,0,0,0.0,1165.0,1065.0,0
416,416,Nemanja Matic,100.0,100.0,62398,3,47,1.9,0,0.2,13,30,913,0,1,4,14,0,0,2,0,0,38.4,1165.0,1065.0,0
417,417,Paul Pogba,100.0,100.0,74208,3,76,3.7,5,1.8,13,82,1608,3,5,5,20,0,0,3,0,11,103.3,1165.0,1065.0,0
418,418,Phil Jones,0.0,0.0,76359,2,48,0.0,0,0.0,13,0,0,0,0,0,0,0,0,0,0,0,0.0,1165.0,1065.0,0
419,419,Harry Maguire,100.0,100.0,95658,2,55,3.7,2,5.7,13,118,2880,2,2,12,35,0,0,9,0,8,121.9,1165.0,1065.0,0
420,420,Frederico Rodrigues de Paula Santos,,,101582,3,53,2.3,1,0.2,13,60,2059,1,0,11,20,0,0,5,0,1,95.9,1165.0,1065.0,0
421,421,Luke Shaw,100.0,100.0,106760,2,54,4.0,2,16.4,13,113,2293,1,5,9,27,0,0,7,0,20,167.9,1165.0,1065.0,0
422,422,Bruno Miguel Borges Fernandes,,,141746,3,116,6.8,2,57.1,13,218,2734,16,13,12,30,0,1,5,0,32,352.8,1165.0,1065.0,0
423,423,Anthony Martial,0.0,0.0,148225,4,86,3.4,0,3.3,13,75,1477,4,7,4,23,0,0,0,0,3,126.8,1165.0,1065.0,0
424,424,Andreas Pereira,0.0,0.0,156689,3,48,0.0,0,0.0,13,0,0,0,0,0,0,0,0,0,0,0,0.0,1165.0,1065.0,0
425,425,Dean Henderson,,,172649,1,52,3.4,2,1.6,13,31,765,0,0,3,6,0,0,2,25,1,16.4,1165.0,1065.0,0
426,426,Marcus Rashford,75.0,100.0,176297,3,95,4.9,7,9.7,13,157,2600,10,10,11,32,0,0,4,0,9,232.1,1165.0,1065.0,0
427,427,Axel Tuanzebe,100.0,100.0,180804,2,41,0.3,0,0.1,13,2,132,0,0,0,4,0,0,2,0,0,3.6,1165.0,1065.0,0
428,428,Victor Lindelöf,100.0,100.0,184667,2,48,3.7,2,1.4,13,92,2225,1,1,9,24,0,0,0,0,3,58.0,1165.0,1065.0,0
429,429,Scott McTominay,100.0,100.0,195851,3,49,2.9,2,0.8,13,82,1793,4,2,7,20,0,0,2,0,4,98.0,1165.0,1065.0,0
430,430,Eric Bailly,75.0,75.0,197365,2,48,3.4,0,0.3,13,27,638,0,0,3,11,0,0,2,0,6,16.4,1165.0,1065.0,0
431,431,Daniel James,100.0,100.0,200617,3,62,2.7,0,0.2,13,35,742,3,0,3,6,0,0,3,0,1,52.5,1165.0,1065.0,0
432,432,Timothy Fosu-Mensah,0.0,0.0,201084,2,43,0.0,0,0.1,13,0,80,0,0,0,2,0,0,1,0,0,6.4,1165.0,1065.0,0
433,433,Aaron Wan-Bissaka,100.0,100.0,214590,2,57,4.2,1,17.0,13,125,2700,2,3,12,30,0,0,3,0,8,123.2,1165.0,1065.0,0
434,434,José Diogo Dalot Teixeira,0.0,0.0,216051,2,48,0.0,0,0.0,13,0,0,0,0,0,0,0,0,0,0,0,0.0,1165.0,1065.0,0
435,435,Mason Greenwood,100.0,100.0,220688,3,71,3.2,15,4.3,13,82,1485,5,2,6,19,0,0,2,0,5,116.6,1165.0,1065.0,0
436,436,Tahith Chong,0.0,0.0,222677,3,44,0.0,0,0.0,13,0,0,0,0,0,0,0,0,0,0,0,0.0,1165.0,1065.0,0
437,437,James Garner,0.0,0.0,232928,3,44,0.0,0,0.0,13,0,0,0,0,0,0,0,0,0,0,0,0.0,1165.0,1065.0,0
438,438,Brandon Williams,100.0,100.0,232937,2,42,1.0,0,0.5,13,2,7,0,0,0,0,0,0,0,0,0,0.1,1165.0,1065.0,0
439,439,Teden Mengi,0.0,0.0,244856,2,39,0.0,0,0.6,13,0,0,0,0,0,0,0,0,0,0,0,0.0,1165.0,1065.0,0
440,440,Donny van de Beek,100.0,100.0,180184,3,66,1.5,4,1.3,13,23,327,1,1,0,9,0,0,1,0,0,21.6,1165.0,1065.0,0
441,441,Alex Nicolao Telles,100.0,100.0,152590,2,53,3.1,0,0.5,13,22,509,0,2,1,8,0,0,0,0,3,31.9,1165.0,1065.0,0
442,442,Edinson Cavani,100.0,100.0,40720,4,79,3.7,6,4.0,13,78,1135,8,3,4,12,0,0,3,0,10,94.8,1165.0,1065.0,0
443,443,Facundo Pellistri,0.0,0.0,488404,3,52,0.0,0,0.0,13,0,0,0,0,0,0,0,0,0,0,0,0.0,1165.0,1065.0,0
444,444,Lee Grant,,,6744,1,40,0.0,0,0.1,13,0,0,0,0,0,0,0,0,0,0,0,0.0,1165.0,1065.0,0
445,445,Amad Diallo,,,493250,3,54,0.0,0,0.0,13,0,0,0,0,0,0,0,0,0,0,0,0.0,1165.0,1065.0,0
446,446,Shola Shoretire,,,472464,3,45,1.0,0,0.0,13,1,1,0,0,0,0,0,0,0,0,0,0.1,1165.0,1065.0,0
447,447,Nathan Bishop,,,250370,1,40,0.0,0,0.0,13,0,0,0,0,0,0,0,0,0,0,0,0.0,1165.0,1065.0,0
448,448,Joseph Willock,,,200089,3,47,2.6,6,0.2,14,41,844,3,0,1,14,0,0,1,0,2,52.0,1230.0,1245.0,0
449,449,Andy Carroll,100.0,100.0,40142,4,51,1.7,1,0.3,14,29,375,1,1,1,8,0,0,1,0,3,27.6,1230.0,1245.0,0
450,450,Jonjo Shelvey,100.0,100.0,50232,3,53,2.4,1,0.2,14,58,2076,1,2,4,37,0,0,6,0,2,108.1,1230.0,1245.0,0
451,451,Matt Ritchie,100.0,100.0,56983,3,49,2.2,10,0.1,14,27,814,0,2,1,13,0,0,1,0,2,46.4,1230.0,1245.0,0
452,452,Federico Fernández,100.0,100.0,57145,2,47,2.1,1,0.5,14,37,1561,0,0,3,29,0,0,2,0,4,50.0,1230.0,1245.0,0
453,453,Ciaran Clark,100.0,100.0,58845,2,45,2.1,1,0.2,14,43,1744,1,0,3,32,0,0,3,0,2,52.7,1230.0,1245.0,0
454,454,Karl Darlow,100.0,100.0,59735,1,49,3.2,0,1.3,14,80,2250,0,0,4,43,1,0,3,88,6,68.3,1230.0,1245.0,0
455,455,Martin Dubravka,100.0,100.0,67089,1,48,3.3,2,0.3,14,23,630,0,0,1,10,0,0,0,25,1,19.5,1230.0,1245.0,0
456,456,Florian Lejeune,0.0,0.0,77359,2,43,0.0,0,0.0,14,0,0,0,0,0,0,0,0,0,0,0,0.0,1230.0,1245.0,0
457,457,Jamaal Lascelles,0.0,0.0,101148,2,42,2.3,0,1.1,14,44,1625,2,0,2,32,0,0,4,0,3,54.7,1230.0,1245.0,0
458,458,Dwight Gayle,100.0,100.0,104547,4,59,1.8,0,0.1,14,23,418,1,0,0,9,0,0,0,0,3,37.7,1230.0,1245.0,0
459,459,Christian Atsu,0.0,0.0,104953,3,52,0.0,0,0.0,14,0,0,0,0,0,0,0,0,0,0,0,0.0,1230.0,1245.0,0
460,460,Paul Dummett,100.0,100.0,106618,2,44,1.8,1,0.0,14,16,714,0,0,1,11,0,0,2,0,0,17.4,1230.0,1245.0,0
461,461,Javier Manquillo,100.0,100.0,109528,2,42,2.2,0,0.2,14,28,822,0,0,3,15,0,0,1,0,0,22.2,1230.0,1245.0,0
462,462,Emil Krafth,100.0,100.0,111773,2,42,2.2,0,0.1,14,27,944,0,1,3,21,0,0,3,0,0,31.0,1230.0,1245.0,0
463,463,Fabian Schär,0.0,0.0,119471,2,48,1.6,0,0.1,14,25,1221,0,0,2,21,0,0,4,0,1,32.4,1230.0,1245.0,0
464,464,DeAndre Yedlin,0.0,0.0,151119,2,43,2.2,0,0.2,14,13,435,0,0,1,6,0,0,0,0,0,12.0,1230.0,1245.0,0
465,465,Isaac Hayden,0.0,0.0,153127,3,46,1.7,0,0.0,14,40,1942,0,0,4,33,0,0,8,0,0,55.3,1230.0,1245.0,0
466,466,Rolando Aarons,0.0,0.0,155513,3,48,0.0,0,0.0,14,0,0,0,0,0,0,0,0,0,0,0,0.0,1230.0,1245.0,0
467,467,Allan Saint-Maximin,100.0,75.0,170137,3,51,3.7,6,2.5,14,71,1067,3,5,5,18,0,0,0,0,5,94.5,1230.0,1245.0,0
468,468,Miguel Almirón,100.0,100.0,179018,3,56,3.0,3,0.4,14,84,1924,4,2,3,39,0,0,2,0,8,120.8,1230.0,1245.0,0
469,469,Joelinton Cássio Apolinário de Lira,100.0,100.0,180974,4,57,2.5,9,0.4,14,64,1769,3,2,3,30,0,0,3,0,5,107.3,1230.0,1245.0,0
470,470,Yoshinori Muto,0.0,0.0,196118,4,48,0.0,0,0.1,14,0,0,0,0,0,0,0,0,0,0,0,0.0,1230.0,1245.0,0
471,471,Kelland Watts,0.0,0.0,232977,2,39,0.0,0,0.1,14,0,0,0,0,0,0,0,0,0,0,0,0.0,1230.0,1245.0,0
472,472,Sean Longstaff,,,180135,3,46,1.9,2,0.1,14,31,1097,0,1,1,21,0,0,2,0,1,37.8,1230.0,1245.0,0
473,473,Jeff Hendrick,100.0,100.0,83314,3,45,2.5,0,1.2,14,50,1406,2,1,3,24,0,0,1,0,3,39.6,1230.0,1245.0,0
474,474,Matthew Longstaff,100.0,100.0,223175,3,48,2.0,0,0.0,14,10,376,0,0,1,8,0,0,0,0,0,7.0,1230.0,1245.0,0
475,475,Mark Gillespie,,,81441,1,43,0.0,0,0.1,14,0,0,0,0,0,0,0,0,0,0,0,0.0,1230.0,1245.0,0
476,476,Jacob Murphy,,,114243,3,49,2.6,1,0.1,14,52,1077,2,2,1,24,0,0,3,0,7,69.6,1230.0,1245.0,0
477,477,Callum Wilson,100.0,100.0,75115,4,65,5.1,1,5.7,14,118,1871,10,6,5,33,0,0,2,0,19,137.0,1230.0,1245.0,0
478,478,Ryan Fraser,0.0,0.0,90105,3,56,2.2,0,0.2,14,39,922,0,4,4,18,0,0,0,0,0,70.1,1230.0,1245.0,0
479,479,Jamal Lewis,100.0,100.0,194799,2,41,1.9,0,1.2,14,43,1827,0,1,3,37,0,0,4,0,3,54.1,1230.0,1245.0,0
480,480,Elliot Anderson,,,215379,3,45,1.0,0,0.0,14,1,3,0,0,0,0,0,0,0,0,0,0.2,1230.0,1245.0,0
481,481,Daniel Langley,,,432927,1,39,0.0,0,0.1,14,0,0,0,0,0,0,0,0,0,0,0,0.0,1230.0,1245.0,0
482,482,Rhian Brewster,100.0,100.0,195473,4,43,1.3,1,5.3,15,29,970,0,0,1,15,0,0,1,0,0,39.7,1130.0,1095.0,0
483,483,Billy Sharp,0.0,0.0,18867,4,55,2.4,0,0.1,15,39,725,3,0,0,15,0,0,1,0,6,34.9,1130.0,1095.0,0
484,484,David McGoldrick,100.0,100.0,27436,4,52,2.6,2,1.3,15,75,1859,6,1,6,30,0,0,6,0,6,129.8,1130.0,1095.0,0
485,485,Chris Basham,0.0,25.0,40386,2,46,1.5,0,0.5,15,38,2126,0,1,0,44,0,0,3,0,2,74.1,1130.0,1095.0,0
486,486,John Fleck,75.0,100.0,47247,3,56,2.2,2,0.1,15,56,2033,0,3,2,40,0,0,3,0,1,84.0,1130.0,1095.0,0
487,487,Enda Stevens,100.0,100.0,63426,2,50,1.3,1,0.9,15,32,2160,0,0,1,47,0,0,4,0,0,74.6,1130.0,1095.0,0
488,488,Simon Moore,0.0,0.0,74854,1,43,0.0,0,0.1,15,0,0,0,0,0,0,0,0,0,0,0,0.0,1130.0,1095.0,0
489,489,Oliver Norwood,,,79934,3,45,1.6,2,0.1,15,41,1674,0,0,2,36,0,0,4,0,0,74.4,1130.0,1095.0,0
490,490,Wes Foderingham,,,82143,1,43,0.0,0,0.1,15,0,0,0,0,0,0,0,0,0,0,0,0.0,1130.0,1095.0,0
491,491,George Baldock,100.0,100.0,82691,2,49,1.7,2,0.8,15,47,2337,0,2,1,45,0,0,4,0,2,72.2,1130.0,1095.0,0
492,492,Jack Robinson,0.0,0.0,83427,2,42,1.6,0,0.1,15,13,605,0,1,0,10,0,0,2,0,0,13.4,1130.0,1095.0,0
493,493,John Egan,100.0,100.0,108416,2,47,1.4,2,1.6,15,36,2088,0,1,1,41,0,0,6,0,3,54.1,1130.0,1095.0,0
494,494,Jack O'Connell,0.0,0.0,146610,2,47,1.5,0,0.1,15,3,180,0,0,0,3,0,0,0,0,0,4.3,1130.0,1095.0,0
495,495,John Lundstram,100.0,100.0,153723,3,49,1.8,0,1.3,15,46,2008,0,2,3,40,0,1,8,0,2,78.5,1130.0,1095.0,0
496,496,Ben Osborn,100.0,100.0,167878,3,47,2.1,2,0.0,15,37,1160,1,0,1,23,0,0,1,0,3,57.1,1130.0,1095.0,0
497,497,Oliver McBurnie,0.0,0.0,169432,4,56,1.9,0,0.2,15,44,1316,1,2,0,27,0,0,2,0,2,83.1,1130.0,1095.0,0
498,498,Lys Mousset,100.0,100.0,178304,4,58,1.2,1,0.1,15,12,280,0,0,0,10,0,0,0,0,0,9.5,1130.0,1095.0,0
499,499,Sander Berge,0.0,25.0,207189,3,49,2.2,0,0.1,15,29,1015,1,1,0,19,0,0,4,0,1,47.0,1130.0,1095.0,0
500,500,Oliver Burke,100.0,100.0,197937,3,41,1.9,1,1.9,15,42,1126,1,2,1,17,0,0,2,0,0,60.6,1130.0,1095.0,0
501,501,Luke Freeman,0.0,0.0,49083,3,50,0.0,0,0.0,15,0,0,0,0,0,0,0,0,0,0,0,0.0,1130.0,1095.0,0
502,502,Aaron Ramsdale,,,225321,1,46,2.7,3,1.7,15,87,2880,0,0,2,56,0,0,1,117,6,82.9,1130.0,1095.0,0
503,503,Ethan Ampadu,100.0,100.0,199598,2,43,1.8,2,0.4,15,44,2087,0,0,2,41,0,0,3,0,4,70.1,1130.0,1095.0,0
504,504,Jayden Bogle,100.0,100.0,226182,2,43,2.3,1,0.1,15,30,882,2,0,1,18,0,0,2,0,0,50.4,1130.0,1095.0,0
505,505,Max Lowe,100.0,100.0,155197,2,42,1.1,0,0.0,15,9,549,0,0,0,10,0,0,1,0,0,18.4,1130.0,1095.0,0
506,506,Phil Jagielka,100.0,100.0,7645,2,39,0.4,0,0.5,15,4,517,0,0,0,12,0,0,1,0,0,7.5,1130.0,1095.0,0
507,507,Michael Verrips,0.0,0.0,194126,1,40,0.0,0,0.2,15,0,0,0,0,0,0,0,0,0,0,0,0.0,1130.0,1095.0,0
508,508,Kean Bryan,100.0,100.0,109638,2,39,1.9,2,0.4,15,21,834,1,0,1,16,0,0,1,0,0,28.7,1130.0,1095.0,0
509,509,Antwoine Hackford,,,487836,4,44,1.0,0,0.1,15,1,10,0,0,0,0,0,0,0,0,0,1.8,1130.0,1095.0,0
510,510,Kyron Gordon,,,478449,2,40,0.0,0,0.0,15,0,0,0,0,0,0,0,0,0,0,0,0.0,1130.0,1095.0,0
511,511,Iliman Ndiaye,,,440993,3,45,1.0,0,0.0,15,1,11,0,0,0,1,0,0,0,0,0,0.3,1130.0,1095.0,0
512,512,Zak Brunt,,,481371,3,45,0.0,0,0.0,15,0,0,0,0,0,0,0,0,0,0,0,0.0,1130.0,1095.0,0
513,513,Frankie Maguire,,,531076,3,44,0.0,0,0.0,15,0,0,0,0,0,0,0,0,0,0,0,0.0,1130.0,1095.0,0
514,514,Theo Walcott,100.0,100.0,20467,3,58,3.5,2,0.3,16,66,1473,2,4,5,26,0,0,0,0,2,77.2,1250.0,1350.0,0
515,515,Takumi Minamino,100.0,100.0,157882,3,60,2.7,0,0.4,16,41,698,3,0,2,13,0,0,0,0,2,40.5,1250.0,1350.0,0
516,516,Shane Long,0.0,0.0,20452,4,51,1.1,0,0.4,16,12,201,0,0,1,6,0,0,0,0,0,3.4,1250.0,1350.0,0
517,517,Ryan Bertrand,100.0,75.0,40146,2,50,2.7,0,0.8,16,78,2598,0,2,8,51,0,0,5,0,4,71.4,1250.0,1350.0,0
518,518,Alex McCarthy,100.0,100.0,58376,1,44,3.2,1,11.5,16,83,2340,0,0,7,50,0,0,2,74,7,60.2,1250.0,1350.0,0
519,519,Oriol Romeu Vidal,0.0,0.0,78056,3,45,2.5,0,1.4,16,51,1732,1,1,6,24,0,0,6,0,4,66.9,1250.0,1350.0,0
520,520,Nathan Redmond,100.0,100.0,83283,3,64,2.3,1,0.2,16,54,1257,2,2,1,29,0,0,0,0,3,80.9,1250.0,1350.0,0
521,521,Danny Ings,100.0,75.0,84939,4,84,4.6,6,6.4,16,114,1912,10,4,6,35,0,0,1,0,18,162.8,1250.0,1350.0,0
522,522,Jack Stephens,,,88900,2,46,2.5,0,0.2,16,33,1087,0,0,4,32,0,0,2,0,6,36.1,1250.0,1350.0,0
523,523,Stuart Armstrong,100.0,100.0,91047,3,55,3.6,2,0.4,16,97,2237,4,5,8,46,0,0,3,0,4,128.1,1250.0,1350.0,0
524,524,Jannik Vestergaard,100.0,100.0,93100,2,47,3.4,1,3.0,16,82,2115,3,1,6,37,0,0,2,0,4,94.9,1250.0,1350.0,0
525,525,James Ward-Prowse,100.0,100.0,101178,3,59,4.1,5,8.5,16,132,2880,7,6,9,58,0,1,5,0,13,185.0,1250.0,1350.0,0
526,526,Angus Gunn,0.0,0.0,107265,1,43,0.0,0,0.1,16,0,0,0,0,0,0,0,0,0,0,0,0.0,1250.0,1350.0,0
527,527,Sofiane Boufal,0.0,0.0,128198,3,54,0.0,0,0.0,16,0,0,0,0,0,0,0,0,0,0,0,0.0,1250.0,1350.0,0
528,528,Josh Sims,0.0,0.0,153379,3,43,0.0,0,0.1,16,0,0,0,0,0,0,0,0,0,0,0,0.0,1250.0,1350.0,0
529,529,Kyle Walker-Peters,100.0,100.0,158534,2,47,3.4,1,3.9,16,82,2137,0,2,9,32,0,0,4,0,7,82.8,1250.0,1350.0,0
530,530,Jan Bednarek,100.0,100.0,171771,2,48,2.8,1,5.3,16,91,2785,1,1,9,55,0,0,3,0,11,84.6,1250.0,1350.0,0
531,531,Che Adams,100.0,100.0,200439,4,58,3.6,2,4.5,16,112,2269,7,6,7,47,0,0,1,0,11,165.7,1250.0,1350.0,0
532,532,Yan Valery,0.0,0.0,213482,2,47,1.0,0,0.1,16,3,101,0,0,0,4,0,0,0,0,0,6.0,1250.0,1350.0,0
533,533,William Smallbone,0.0,0.0,214466,3,43,1.7,0,0.1,16,5,171,0,0,0,5,0,0,0,0,0,3.3,1250.0,1350.0,0
534,534,Jake Vokins,0.0,0.0,214470,2,39,1.0,0,0.9,16,1,66,0,0,0,2,0,0,0,0,0,1.7,1250.0,1350.0,0
535,535,Michael Obafemi,25.0,25.0,220598,4,46,1.0,0,0.7,16,1,13,0,0,0,0,0,0,0,0,0,0.1,1250.0,1350.0,0
536,536,Moussa Djenepo,100.0,100.0,431131,3,54,1.7,0,0.1,16,43,1128,1,2,3,24,0,0,5,0,0,40.7,1250.0,1350.0,0
537,537,Mohammed Salisu,100.0,100.0,450527,2,43,1.1,1,0.1,16,8,451,0,0,0,12,0,0,0,0,0,13.4,1250.0,1350.0,0
538,538,Fraser Forster,,,40383,1,40,3.3,0,7.2,16,20,540,0,0,2,8,0,0,0,13,0,11.2,1250.0,1350.0,0
539,539,Nathan Tella,100.0,100.0,203389,3,43,1.4,2,0.3,16,18,527,0,1,1,8,0,0,2,0,0,15.8,1250.0,1350.0,0
540,540,Ibrahima Diallo,100.0,100.0,240143,3,45,1.5,1,0.0,16,26,858,0,0,3,17,0,0,2,0,0,25.1,1250.0,1350.0,0
541,541,Daniel N'Lundulu,,,200088,4,45,1.0,0,0.2,16,12,101,0,0,0,1,0,0,0,0,0,3.1,1250.0,1350.0,0
542,542,Kayne Ramsay,,,232797,2,40,-3.0,0,0.1,16,-3,90,0,0,0,9,0,0,1,0,0,1.3,1250.0,1350.0,0
543,543,Kgaogelo Chauke,,,445896,3,44,0.0,0,0.0,16,0,0,0,0,0,0,0,0,0,0,0,0.0,1250.0,1350.0,0
544,544,Harry Lewis,,,198044,1,40,0.0,0,0.0,16,0,0,0,0,0,0,0,0,0,0,0,0.0,1250.0,1350.0,0
545,545,Will Ferry,,,422306,3,45,0.0,0,0.0,16,0,0,0,0,0,0,0,0,0,0,0,0.0,1250.0,1350.0,0
546,546,Allan Tchaptchet,,,447093,2,40,0.0,0,0.0,16,0,12,0,0,0,3,0,0,0,0,0,0.0,1250.0,1350.0,0
547,547,Caleb Watts,,,456966,3,45,0.7,0,0.0,16,2,36,0,0,0,0,0,0,1,0,0,0.9,1250.0,1350.0,0
548,548,Alexandre Jankewitz,100.0,100.0,449781,3,45,-0.5,0,0.0,16,-1,2,0,0,0,9,0,0,0,0,0,0.5,1250.0,1350.0,0
549,549,Ryan Finnigan,,,447372,3,45,0.0,0,0.0,16,0,0,0,0,0,0,0,0,0,0,0,0.0,1250.0,1350.0,0
550,550,Hugo Lloris,100.0,100.0,37915,1,56,3.9,6,7.2,17,129,2970,0,0,10,38,0,0,0,98,12,74.2,1020.0,1095.0,0
551,551,Danny Rose,0.0,0.0,38290,2,47,0.0,0,0.1,17,0,0,0,0,0,0,0,0,0,0,0,0.0,1020.0,1095.0,0
552,552,Moussa Sissoko,100.0,100.0,45268,3,47,1.8,2,0.4,17,43,1575,0,0,5,22,0,0,3,0,2,34.5,1020.0,1095.0,0
553,553,Toby Alderweireld,100.0,100.0,55605,2,54,3.6,3,1.8,17,73,1790,1,0,8,18,0,0,2,0,4,63.3,1020.0,1095.0,0
554,554,Erik Lamela,100.0,100.0,62974,3,57,1.2,2,0.1,17,26,665,1,1,1,16,0,0,4,0,0,45.7,1020.0,1095.0,0
555,555,Harry Kane,100.0,75.0,78830,4,118,7.3,12,47.7,17,218,2633,21,13,10,32,0,0,1,0,37,307.8,1020.0,1095.0,0
556,556,Serge Aurier,100.0,100.0,80226,2,52,3.8,3,1.5,17,65,1425,2,1,5,19,0,0,0,0,2,73.3,1020.0,1095.0,0
557,557,Heung-Min Son,100.0,100.0,85971,3,95,6.2,12,46.4,17,199,2669,15,9,11,29,0,0,0,0,25,267.2,1020.0,1095.0,0
558,558,Eric Dier,100.0,100.0,93264,2,46,2.6,3,2.3,17,63,2160,0,0,6,29,0,0,3,0,2,67.9,1020.0,1095.0,0
559,559,Lucas Rodrigues Moura da Silva,100.0,100.0,95715,3,67,2.8,6,2.5,17,79,1352,3,5,4,17,0,0,0,0,5,86.0,1020.0,1095.0,0
560,560,Paulo Gazzaniga,0.0,0.0,102884,1,43,0.0,0,0.2,17,0,0,0,0,0,0,0,0,0,0,0,0.0,1020.0,1095.0,0
561,561,Bamidele Alli,100.0,100.0,108823,3,74,1.5,1,0.6,17,15,232,0,1,1,3,0,0,0,0,0,14.7,1020.0,1095.0,0
562,562,Ben Davies,0.0,0.0,115556,2,45,2.6,0,0.6,17,52,1340,0,2,4,16,0,0,1,0,1,43.4,1020.0,1095.0,0
563,563,Pierre-Emile Højbjerg,100.0,100.0,132015,3,49,2.6,3,1.0,17,86,2970,1,3,10,38,0,0,7,0,3,96.4,1020.0,1095.0,0
564,564,Harry Winks,100.0,100.0,157668,3,51,1.3,1,0.1,17,14,652,0,0,1,12,0,0,4,0,0,15.7,1020.0,1095.0,0
565,565,Davinson Sánchez,,,173904,2,52,2.5,0,0.9,17,42,1396,0,0,4,20,0,0,1,0,3,42.5,1020.0,1095.0,0
566,566,Ryan Sessegnon,0.0,0.0,184349,2,47,0.0,0,0.1,17,0,0,0,0,0,0,0,0,0,0,0,0.0,1020.0,1095.0,0
567,567,Steven Bergwijn,100.0,100.0,194252,3,70,2.3,1,0.4,17,41,1049,0,3,5,11,0,0,2,0,0,35.9,1020.0,1095.0,0
568,568,Gedson Carvalho Fernandes,0.0,0.0,195774,3,47,0.0,0,0.1,17,0,0,0,0,0,0,0,0,0,0,0,0.0,1020.0,1095.0,0
569,569,Japhet Tanganga,100.0,100.0,199584,2,49,2.0,0,0.1,17,8,315,0,0,1,6,0,0,1,0,0,11.4,1020.0,1095.0,0
570,570,Giovani Lo Celso,100.0,100.0,200826,3,69,1.8,2,0.4,17,27,723,1,1,3,8,0,0,5,0,0,43.1,1020.0,1095.0,0
571,571,Oliver Skipp,0.0,0.0,209042,3,44,0.0,0,0.0,17,0,0,0,0,0,0,0,0,0,0,0,0.0,1020.0,1095.0,0
572,572,Tanguy Ndombele,100.0,100.0,231372,3,59,3.2,6,0.8,17,96,2052,3,3,12,23,0,0,3,0,7,95.4,1020.0,1095.0,0
573,573,Juan Foyth,0.0,0.0,234908,2,43,0.0,0,0.1,17,0,0,0,0,0,0,0,0,0,0,0,0.0,1020.0,1095.0,0
574,574,Matt Doherty,25.0,75.0,87835,2,56,3.0,0,3.9,17,45,1141,0,2,4,13,0,0,2,0,4,44.3,1020.0,1095.0,0
575,575,Joe Hart,100.0,100.0,15749,1,42,0.0,0,0.6,17,0,0,0,0,0,0,0,0,0,0,0,0.0,1020.0,1095.0,0
576,576,Cameron Carter-Vickers,0.0,0.0,168763,2,39,0.0,0,0.2,17,0,0,0,0,0,0,0,0,0,0,0,0.0,1020.0,1095.0,0
577,577,Sergio Reguilón,100.0,100.0,199249,2,56,3.4,6,4.9,17,74,1794,0,5,6,24,0,0,4,0,4,79.4,1020.0,1095.0,0
578,578,Gareth Bale,100.0,100.0,36903,3,91,4.6,9,3.3,17,69,644,6,2,3,10,0,0,1,0,10,81.8,1020.0,1095.0,0
579,579,Carlos Vinicius Alves Morais,100.0,100.0,245824,4,69,1.4,0,0.1,17,13,305,1,0,1,2,0,0,2,0,0,22.0,1020.0,1095.0,0
580,580,Joe Rodon,,,214225,2,50,2.4,1,0.1,17,26,731,0,0,2,12,0,0,0,0,3,17.5,1020.0,1095.0,0
581,581,Alfie Devine,,,496179,3,44,0.0,0,0.0,17,0,0,0,0,0,0,0,0,0,0,0,0.0,1020.0,1095.0,0
582,582,Dane Scarlett,0.0,0.0,490145,4,45,1.0,0,0.0,17,1,1,0,0,0,0,0,0,0,0,0,0.0,1020.0,1095.0,0
583,583,Ainsley Maitland-Niles,75.0,100.0,154043,2,46,2.8,1,0.8,18,58,1385,0,1,6,16,0,0,1,0,1,37.1,1130.0,1250.0,0
584,584,David Button,,,50093,1,39,2.0,0,3.7,18,2,90,0,0,0,2,0,0,0,4,0,2.3,1130.0,1250.0,0
585,585,Callum Robinson,100.0,100.0,171975,4,52,3.0,1,1.2,18,72,1347,5,3,3,37,0,0,0,0,8,79.3,1130.0,1250.0,0
586,586,Kieran Gibbs,100.0,100.0,42427,2,43,0.5,0,0.1,18,5,810,0,0,0,25,0,0,1,0,0,20.8,1130.0,1250.0,0
587,587,Hal Robson-Kanu,100.0,100.0,49440,4,52,0.9,1,0.1,18,14,311,0,0,0,6,0,0,1,0,0,8.5,1130.0,1250.0,0
588,588,Jake Livermore,100.0,100.0,49944,3,47,1.4,0,0.0,18,24,1226,0,0,1,34,0,0,2,0,0,25.9,1130.0,1250.0,0
589,589,Kamil Grosicki,100.0,100.0,49957,3,52,2.7,0,0.0,18,8,147,0,1,0,5,0,0,0,0,0,7.2,1130.0,1250.0,0
590,590,Matt Phillips,100.0,100.0,50229,3,51,2.2,2,0.1,18,59,1375,2,1,3,29,0,0,1,0,3,84.3,1130.0,1250.0,0
591,591,Kyle Bartley,75.0,100.0,59940,2,44,3.0,0,0.3,18,72,2043,3,1,5,39,0,0,4,0,3,85.2,1130.0,1250.0,0
592,592,Romaine Sawyers,,,61600,3,46,1.7,0,0.0,18,33,1486,0,0,1,42,0,0,2,0,0,26.7,1130.0,1250.0,0
593,593,Ahmed El-Sayed Hegazy,0.0,0.0,77777,2,41,6.0,0,0.1,18,6,90,0,0,1,0,0,0,0,0,0,2.0,1130.0,1250.0,0
594,594,Charlie Austin,0.0,0.0,78356,4,51,1.0,0,0.1,18,5,135,0,0,0,5,0,0,0,0,0,5.0,1130.0,1250.0,0
595,595,Kenneth Zohore,0.0,0.0,82078,4,48,0.0,0,0.0,18,0,0,0,0,0,0,0,0,0,0,0,0.0,1130.0,1250.0,0
596,596,Sam Johnstone,,,101982,1,45,3.8,2,2.8,18,118,2790,0,1,6,60,1,0,0,128,15,95.9,1130.0,1250.0,0
597,597,Conor Townsend,100.0,100.0,108053,2,44,3.2,1,0.1,18,61,1694,0,0,6,22,0,0,0,0,6,64.7,1130.0,1250.0,0
598,598,Oluwasemilogo Adesewo Ibidapo Ajayi,100.0,100.0,146426,2,48,1.6,1,0.2,18,44,2239,2,1,1,57,0,0,3,0,2,66.6,1130.0,1250.0,0
599,599,Jonathan Leko,0.0,0.0,173809,3,45,0.0,0,0.0,18,0,0,0,0,0,0,0,0,0,0,0,0.0,1130.0,1250.0,0
600,600,Kyle Edwards,,,174593,3,47,1.0,0,0.0,18,5,114,0,0,0,3,0,0,0,0,0,6.4,1130.0,1250.0,0
601,601,Darnell Furlong,,,176420,2,45,2.5,1,0.2,18,73,2391,1,3,6,49,0,0,4,0,2,83.6,1130.0,1250.0,0
602,602,Sam Field,0.0,0.0,195864,3,48,1.0,0,0.0,18,3,61,0,0,0,2,0,0,0,0,0,2.0,1130.0,1250.0,0
603,603,Dara O'Shea,100.0,100.0,216616,2,42,1.6,1,0.2,18,39,2004,0,0,3,48,0,0,3,0,1,54.0,1130.0,1250.0,0
604,604,Rekeem Harper,0.0,0.0,232427,3,43,1.0,0,0.3,18,2,30,0,0,0,2,0,0,0,0,0,1.6,1130.0,1250.0,0
605,605,Robert Snodgrass,50.0,50.0,18987,3,56,1.3,0,0.1,18,14,528,0,0,0,14,0,0,2,0,0,20.7,1130.0,1250.0,0
606,606,Grady Diangana,100.0,100.0,179830,3,50,2.1,0,0.2,18,34,1086,1,0,1,28,0,0,0,0,0,39.2,1130.0,1250.0,0
607,607,Matheus Pereira,100.0,100.0,210407,3,54,4.4,2,4.2,18,122,2124,8,6,6,47,0,0,2,0,12,175.9,1130.0,1250.0,0
608,608,Cedric Kipre,0.0,0.0,183015,2,43,0.0,0,0.0,18,0,0,0,0,0,0,0,0,0,0,0,0.0,1130.0,1250.0,0
609,609,Branislav Ivanovic,0.0,0.0,41135,2,44,1.5,0,0.1,18,20,764,0,0,2,19,0,0,2,0,0,19.1,1130.0,1250.0,0
610,610,Conor Gallagher,100.0,100.0,232787,3,55,2.6,0,0.1,18,62,1990,2,2,5,34,0,0,8,0,3,84.4,1130.0,1250.0,0
611,611,Filip Krovinovic,0.0,0.0,200878,3,49,1.5,0,0.0,18,17,541,0,0,1,11,0,0,0,0,0,22.8,1130.0,1250.0,0
612,612,Karlan Grant,100.0,100.0,180294,4,56,2.1,1,0.0,18,38,1100,1,0,3,24,0,0,1,0,3,41.2,1130.0,1250.0,0
613,613,Lee Peltier,100.0,100.0,38716,2,39,0.5,0,0.1,18,2,228,0,0,0,8,0,0,1,0,0,6.7,1130.0,1250.0,0
614,614,Cheikh Diaby,,,505265,4,45,0.0,0,0.1,18,0,0,0,0,0,0,0,0,0,0,0,0.0,1130.0,1250.0,0
615,615,Andy Lonergan,,,11948,1,40,0.0,0,0.0,18,0,0,0,0,0,0,0,0,0,0,0,0.0,1130.0,1250.0,0
616,616,Mbaye Diagne,,,164011,4,60,3.5,2,0.4,18,42,952,2,4,4,12,0,0,2,0,1,52.5,1130.0,1250.0,0
617,617,Okay Yokuslu,,,101394,3,45,2.4,1,0.0,18,24,798,0,1,4,8,0,0,2,0,0,28.4,1130.0,1250.0,0
618,618,Jesse Lingard,100.0,100.0,109322,3,66,8.9,7,30.8,19,89,883,9,4,3,14,0,1,2,0,13,96.6,1265.0,1060.0,0
619,619,Mark Noble,75.0,100.0,18073,3,45,1.3,2,0.3,19,24,627,0,0,0,14,0,0,1,0,0,14.9,1265.0,1060.0,0
620,620,David Martin,,,19194,1,39,0.0,0,5.4,19,0,0,0,0,0,0,0,0,0,0,0,0.0,1265.0,1060.0,0
621,621,Darren Randolph,25.0,75.0,32259,1,43,3.5,0,0.2,19,7,180,0,0,1,2,0,0,0,3,0,2.1,1265.0,1060.0,0
622,622,Lukasz Fabianski,100.0,100.0,37096,1,50,3.8,2,3.2,19,115,2700,0,0,9,40,1,0,2,88,9,63.1,1265.0,1060.0,0
623,623,Angelo Ogbonna,0.0,100.0,40669,2,47,3.5,1,0.8,19,83,2132,2,0,8,31,0,0,4,0,5,66.9,1265.0,1060.0,0
624,624,Roberto Jimenez Gago,0.0,0.0,40694,1,45,0.0,0,0.0,19,0,0,0,0,0,0,0,0,0,0,0,0.0,1265.0,1060.0,0
625,625,Jack Wilshere,0.0,0.0,54102,3,49,0.0,0,0.0,19,0,0,0,0,0,0,0,0,0,0,0,0.0,1265.0,1060.0,0
626,626,Aaron Cresswell,75.0,50.0,55459,2,57,4.4,0,22.2,19,136,2752,0,10,10,37,0,0,3,0,20,134.5,1265.0,1060.0,0
627,627,Andriy Yarmolenko,0.0,100.0,56377,3,55,1.1,0,0.1,19,16,345,0,1,1,7,0,0,3,0,0,23.2,1265.0,1060.0,0
628,628,Michail Antonio,0.0,0.0,57531,4,65,4.3,0,5.8,19,90,1544,7,5,5,21,0,0,3,0,13,150.2,1265.0,1060.0,0
629,629,Ryan Fredericks,100.0,100.0,81012,2,42,2.1,1,0.2,19,25,451,1,1,1,8,0,0,2,0,0,38.0,1265.0,1060.0,0
630,630,Manuel Lanzini,100.0,100.0,86934,3,64,1.7,1,0.1,19,24,403,1,1,1,3,0,0,1,0,0,32.4,1265.0,1060.0,0
631,631,Felipe Anderson Pereira Gomes,0.0,0.0,101537,3,61,1.0,0,0.1,19,2,2,0,0,0,0,0,0,0,0,0,0.5,1265.0,1060.0,0
632,632,Sébastien Haller,0.0,0.0,103123,4,61,2.6,0,0.2,19,41,932,3,0,3,12,0,0,0,0,4,66.2,1265.0,1060.0,0
633,633,Arthur Masuaku,100.0,50.0,105717,2,43,3.5,0,0.5,19,42,1006,0,2,4,15,0,0,2,0,4,45.0,1265.0,1060.0,0
634,634,Fabián Balbuena,100.0,100.0,166640,2,41,3.1,0,0.6,19,40,1117,1,0,4,18,0,0,1,0,0,34.0,1265.0,1060.0,0
635,635,Jordan Hugill,0.0,0.0,167522,4,55,0.0,0,0.0,19,0,0,0,0,0,0,0,0,0,0,0,0.0,1265.0,1060.0,0
636,636,Jarrod Bowen,,,178186,3,60,4.0,5,3.0,19,127,2243,8,5,7,32,0,0,0,0,8,167.2,1265.0,1060.0,0
637,637,Albian Ajeti,0.0,0.0,181008,4,55,0.0,0,0.0,19,0,0,0,0,0,0,0,0,0,0,0,0.0,1265.0,1060.0,0
638,638,Declan Rice,0.0,0.0,204480,3,47,2.6,0,1.9,19,76,2610,1,1,10,35,0,0,2,0,2,108.6,1265.0,1060.0,0
639,639,Tomas Soucek,100.0,100.0,215439,3,53,4.0,2,12.6,19,129,2880,9,2,10,42,0,0,6,0,15,176.1,1265.0,1060.0,0
640,640,Pablo Fornals,100.0,100.0,217593,3,58,3.6,2,0.5,19,96,2055,3,6,8,28,0,0,3,0,7,99.3,1265.0,1060.0,0
641,641,Issa Diop,100.0,100.0,219924,2,43,2.6,5,0.6,19,34,1107,2,0,2,19,0,0,3,0,1,36.6,1265.0,1060.0,0
642,642,Ben Johnson,,,222018,2,39,1.8,1,2.4,19,24,509,1,0,1,10,0,0,1,0,0,18.9,1265.0,1060.0,0
643,643,Vladimir Coufal,,,164555,2,47,3.7,4,6.2,19,103,2514,0,7,8,38,0,0,3,0,9,127.5,1265.0,1060.0,0
644,644,Craig Dawson,,0.0,60232,2,45,3.7,-3,1.1,19,63,1475,3,0,6,21,0,0,1,0,3,55.5,1265.0,1060.0,0
645,645,Saïd Benrahma,,,172841,3,59,2.0,1,0.2,19,49,1088,0,4,3,15,0,0,0,0,0,75.0,1265.0,1060.0,0
646,646,Frederik Alves,,,486870,2,40,0.0,0,0.0,19,0,0,0,0,0,0,0,0,0,0,0,0.0,1265.0,1060.0,0
647,647,Ademipo Odubeko,,,461533,4,45,0.0,0,0.0,19,0,0,0,0,0,0,0,0,0,0,0,0.0,1265.0,1060.0,0
648,648,Conor Coventry,,,222017,3,45,0.0,0,0.0,19,0,0,0,0,0,0,0,0,0,0,0,0.0,1265.0,1060.0,0
649,649,Jamal Baptiste,,,462384,2,40,0.0,0,0.0,19,0,0,0,0,0,0,0,0,0,0,0,0.0,1265.0,1060.0,0
650,650,Nathan Trott,,,232398,1,40,0.0,0,0.0,19,0,0,0,0,0,0,0,0,0,0,0,0.0,1265.0,1060.0,0
651,651,John Ruddy,,,19236,1,43,1.0,0,0.2,20,1,1,0,0,0,0,0,0,0,0,0,0.0,1065.0,1020.0,0
652,652,João Filipe Iria Santos Moutinho,100.0,100.0,19624,3,51,2.2,3,0.8,20,65,2177,1,1,6,34,0,0,3,0,4,108.4,1065.0,1020.0,0
653,653,Rui Pedro dos Santos Patrício,100.0,100.0,38533,1,53,3.8,6,5.3,20,121,2880,0,0,10,41,1,0,1,82,11,63.6,1065.0,1020.0,0
654,654,Ryan Bennett,0.0,0.0,41727,2,44,0.0,0,0.1,20,0,0,0,0,0,0,0,0,0,0,0,0.0,1065.0,1020.0,0
655,655,Willy Boly,75.0,100.0,90585,2,54,3.7,6,1.2,20,66,1620,1,1,6,22,0,0,1,0,4,57.3,1065.0,1020.0,0
656,656,Conor Coady,100.0,100.0,94147,2,49,3.2,7,7.8,20,99,2763,1,0,10,40,0,0,4,0,7,70.6,1065.0,1020.0,0
657,657,Raúl Jiménez,25.0,25.0,102057,4,81,4.3,0,4.5,20,43,824,4,1,4,10,0,0,0,0,7,55.0,1065.0,1020.0,0
658,658,Romain Saïss,100.0,100.0,107613,2,50,4.1,8,6.9,20,95,2047,3,0,8,31,0,0,2,0,11,87.5,1065.0,1020.0,0
659,659,Jonathan Castro Otto,0.0,0.0,114128,2,54,2.3,0,0.0,20,16,496,0,0,1,4,0,0,0,0,1,10.8,1065.0,1020.0,0
660,660,Léo Bonatini,0.0,0.0,141569,4,48,0.0,0,0.1,20,0,0,0,0,0,0,0,0,0,0,0,0.0,1065.0,1020.0,0
661,661,Leander Dendoncker,100.0,100.0,151589,3,46,2.6,3,0.7,20,69,2146,1,2,11,24,0,0,3,0,2,93.5,1065.0,1020.0,0
662,662,Adama Traoré,100.0,100.0,159533,3,60,2.5,6,5.9,20,78,2225,1,4,7,32,0,0,3,0,3,143.6,1065.0,1020.0,0
663,663,Rúben Diogo da Silva Neves,0.0,0.0,171317,3,51,3.1,0,1.5,20,94,2255,5,1,8,34,0,0,7,0,10,133.3,1065.0,1020.0,0
664,664,Oskar Buur,0.0,0.0,179456,2,39,1.0,0,1.5,20,1,22,0,0,0,0,0,0,0,0,0,0.1,1065.0,1020.0,0
665,665,Daniel Castelo Podence,100.0,100.0,200600,3,53,3.3,2,1.1,20,70,1505,3,2,8,20,0,0,3,0,5,97.4,1065.0,1020.0,0
666,666,Max Kilman,,,214048,2,39,3.6,0,6.1,20,54,1119,0,1,5,9,0,0,3,0,8,34.0,1065.0,1020.0,0
667,667,Rúben Gonçalo Silva Nascimento Vinagre,0.0,0.0,216054,2,41,0.5,0,0.7,20,1,172,0,0,0,7,0,0,0,0,0,5.7,1065.0,1020.0,0
668,668,Matija Sarkic,0.0,0.0,216208,1,44,0.0,0,0.1,20,0,0,0,0,0,0,0,0,0,0,0,0.0,1065.0,1020.0,0
669,669,Morgan Gibbs-White,100.0,100.0,222531,3,49,1.2,0,0.0,20,6,117,0,0,0,1,0,0,0,0,0,5.5,1065.0,1020.0,0
670,670,Pedro Lomba Neto,0.0,0.0,247632,3,56,4.0,0,5.1,20,124,2549,5,8,9,38,0,0,4,0,10,232.5,1065.0,1020.0,0
671,671,Bruno André Cavaco Jordao,0.0,0.0,428610,3,43,0.0,0,0.2,20,0,0,0,0,0,0,0,0,0,0,0,0.0,1065.0,1020.0,0
672,672,Leonardo Campana,,,474003,4,48,0.0,0,0.3,20,0,0,0,0,0,0,0,0,0,0,0,0.0,1065.0,1020.0,0
673,673,Fabio Silva,,,449988,4,52,1.9,1,1.1,20,49,879,3,1,0,21,0,0,2,0,3,76.7,1065.0,1020.0,0
674,674,Fernando Marçal,25.0,25.0,111291,2,47,1.5,0,0.1,20,18,611,0,0,1,9,0,0,2,0,0,16.1,1065.0,1020.0,0
675,675,Vitor Ferreira,,,437858,3,47,1.3,1,0.0,20,18,260,0,1,0,3,0,0,0,0,0,15.9,1065.0,1020.0,0
676,676,Ki-Jana Hoever,,,441271,2,44,1.0,0,0.0,20,10,393,0,0,0,8,0,0,1,0,0,12.0,1065.0,1020.0,0
677,677,Nélson Cabral Semedo,,,200402,2,53,3.1,6,3.7,20,91,2566,0,2,9,36,0,0,4,0,7,110.9,1065.0,1020.0,0
678,678,Meritan Shabani,0.0,0.0,225368,3,44,0.0,0,0.0,20,0,0,0,0,0,0,0,0,0,0,0,0.0,1065.0,1020.0,0
679,679,Rayan Ait Nouri,100.0,100.0,448514,2,50,3.0,6,0.2,20,48,967,1,1,3,14,0,0,0,0,6,42.3,1065.0,1020.0,0
680,680,Owen Otasowie,,,250604,3,45,1.4,0,0.0,20,7,115,0,1,0,5,0,0,1,0,0,7.3,1065.0,1020.0,0
681,681,Theo Corbeanu,,,443296,3,45,0.0,0,0.0,20,0,0,0,0,0,0,0,0,0,0,0,0.0,1065.0,1020.0,0
682,682,Taylor Perry,,,232361,3,44,0.0,0,0.0,20,0,0,0,0,0,0,0,0,0,0,0,0.0,1065.0,1020.0,0
683,683,Luke Cundle,,,245923,3,45,0.0,0,0.0,20,0,0,0,0,0,0,0,0,0,0,0,0.0,1065.0,1020.0,0
684,684,Lewis Richards,,,437688,2,40,0.0,0,0.0,20,0,0,0,0,0,0,0,0,0,0,0,0.0,1065.0,1020.0,0
685,685,Christian Marques,,,481626,2,39,0.0,0,0.1,20,0,0,0,0,0,0,0,0,0,0,0,0.0,1065.0,1020.0,0
686,686,Andreas Söndergaard,,,448487,1,40,0.0,0,0.2,20,0,0,0,0,0,0,0,0,0,0,0,0.0,1065.0,1020.0,0
687,687,Patrick Cutrone,0.0,0.0,209353,4,59,1.0,0,0.0,20,2,23,0,0,0,0,0,0,0,0,0,0.2,1065.0,1020.0,0
688,688,Nigel Lonwijk,,,465551,2,40,0.0,0,0.0,20,0,0,0,0,0,0,0,0,0,0,0,0.0,1065.0,1020.0,0
689,689,Willian José Da Silva,100.0,100.0,73314,4,68,2.8,9,0.4,20,33,884,1,1,5,8,0,0,0,0,3,42.5,1065.0,1020.0,0
690,690,Hugo Bueno,,,490721,2,40,0.0,0,0.0,20,0,0,0,0,0,0,0,0,0,0,0,0.0,1065.0,1020.0,0
